ISO-10303-21;
HEADER;
/* Generated by software containing ST-Developer
 * from STEP Tools, Inc. (www.steptools.com) 
 */

FILE_DESCRIPTION(
/* description */ (''),
/* implementation_level */ '2;1');

FILE_NAME(
/* name */ 'assembled-model.step',
/* time_stamp */ '2026-06-03T08:41:36+10:00',
/* author */ (''),
/* organization */ (''),
/* preprocessor_version */ 'ST-DEVELOPER v20.1',
/* originating_system */ 'Autodesk Translation Framework v15.8.0.0',
/* authorisation */ '');

FILE_SCHEMA (('AUTOMOTIVE_DESIGN { 1 0 10303 214 3 1 1 }'));
ENDSEC;

DATA;
#10=MECHANICAL_DESIGN_GEOMETRIC_PRESENTATION_REPRESENTATION('',(#27,#28,
#29),#2796);
#11=CONTEXT_DEPENDENT_OVER_RIDING_STYLED_ITEM('',(#2829),#2810,#29,(#17));
#12=CONTEXT_DEPENDENT_OVER_RIDING_STYLED_ITEM('',(#2830),#2811,#29,(#18));
#13=MAPPED_ITEM('',#14,#1838);
#14=REPRESENTATION_MAP(#1838,#2809);
#15=ITEM_DEFINED_TRANSFORMATION($,$,#1678,#1836);
#16=ITEM_DEFINED_TRANSFORMATION($,$,#1721,#1837);
#17=(
REPRESENTATION_RELATIONSHIP($,$,#2810,#2809)
REPRESENTATION_RELATIONSHIP_WITH_TRANSFORMATION(#15)
SHAPE_REPRESENTATION_RELATIONSHIP()
);
#18=(
REPRESENTATION_RELATIONSHIP($,$,#2811,#2809)
REPRESENTATION_RELATIONSHIP_WITH_TRANSFORMATION(#16)
SHAPE_REPRESENTATION_RELATIONSHIP()
);
#19=CONTEXT_DEPENDENT_SHAPE_REPRESENTATION(#17,#2807);
#20=CONTEXT_DEPENDENT_SHAPE_REPRESENTATION(#18,#2808);
#21=NEXT_ASSEMBLY_USAGE_OCCURRENCE('Bottom v1:1','Bottom v1:1',
'Bottom v1:1',#2813,#2814,'Bottom v1:1');
#22=NEXT_ASSEMBLY_USAGE_OCCURRENCE(
'plate-2026-06-02T10_55_19.841Z v1:1',
'plate-2026-06-02T10_55_19.841Z v1:1',
'plate-2026-06-02T10_55_19.841Z v1:1',#2813,#2815,
'plate-2026-06-02T10_55_19.841Z v1:1');
#23=SHAPE_REPRESENTATION_RELATIONSHIP('SRR','None',#2810,#25);
#24=SHAPE_REPRESENTATION_RELATIONSHIP('SRR','None',#2811,#26);
#25=ADVANCED_BREP_SHAPE_REPRESENTATION('',(#30),#2794);
#26=ADVANCED_BREP_SHAPE_REPRESENTATION('',(#31),#2795);
#27=STYLED_ITEM('',(#2829),#30);
#28=STYLED_ITEM('',(#2830),#31);
#29=STYLED_ITEM('',(#2831),#13);
#30=MANIFOLD_SOLID_BREP('Body1',#1652);
#31=MANIFOLD_SOLID_BREP('Body1',#1653);
#32=FACE_BOUND('',#202,.T.);
#33=FACE_BOUND('',#205,.T.);
#34=FACE_BOUND('',#208,.T.);
#35=FACE_BOUND('',#211,.T.);
#36=FACE_BOUND('',#217,.T.);
#37=FACE_BOUND('',#218,.T.);
#38=FACE_BOUND('',#219,.T.);
#39=FACE_BOUND('',#220,.T.);
#40=FACE_BOUND('',#224,.T.);
#41=FACE_BOUND('',#225,.T.);
#42=FACE_BOUND('',#226,.T.);
#43=FACE_BOUND('',#227,.T.);
#44=FACE_BOUND('',#291,.T.);
#45=FACE_BOUND('',#292,.T.);
#46=FACE_BOUND('',#293,.T.);
#47=FACE_BOUND('',#294,.T.);
#48=FACE_BOUND('',#295,.T.);
#49=FACE_BOUND('',#296,.T.);
#50=FACE_BOUND('',#297,.T.);
#51=FACE_BOUND('',#298,.T.);
#52=FACE_BOUND('',#299,.T.);
#53=FACE_BOUND('',#300,.T.);
#54=FACE_BOUND('',#302,.T.);
#55=FACE_BOUND('',#303,.T.);
#56=FACE_BOUND('',#304,.T.);
#57=FACE_BOUND('',#305,.T.);
#58=FACE_BOUND('',#306,.T.);
#59=FACE_BOUND('',#307,.T.);
#60=FACE_BOUND('',#308,.T.);
#61=FACE_BOUND('',#309,.T.);
#62=FACE_BOUND('',#310,.T.);
#63=FACE_BOUND('',#311,.T.);
#64=PLANE('',#1694);
#65=PLANE('',#1698);
#66=PLANE('',#1702);
#67=PLANE('',#1706);
#68=PLANE('',#1707);
#69=PLANE('',#1708);
#70=PLANE('',#1709);
#71=PLANE('',#1710);
#72=PLANE('',#1711);
#73=PLANE('',#1712);
#74=PLANE('',#1713);
#75=PLANE('',#1714);
#76=PLANE('',#1715);
#77=PLANE('',#1716);
#78=PLANE('',#1717);
#79=PLANE('',#1718);
#80=PLANE('',#1719);
#81=PLANE('',#1720);
#82=PLANE('',#1737);
#83=PLANE('',#1741);
#84=PLANE('',#1745);
#85=PLANE('',#1749);
#86=PLANE('',#1753);
#87=PLANE('',#1757);
#88=PLANE('',#1761);
#89=PLANE('',#1765);
#90=PLANE('',#1769);
#91=PLANE('',#1773);
#92=PLANE('',#1777);
#93=PLANE('',#1781);
#94=PLANE('',#1785);
#95=PLANE('',#1789);
#96=PLANE('',#1793);
#97=PLANE('',#1797);
#98=PLANE('',#1801);
#99=PLANE('',#1805);
#100=PLANE('',#1809);
#101=PLANE('',#1813);
#102=PLANE('',#1817);
#103=PLANE('',#1821);
#104=PLANE('',#1825);
#105=PLANE('',#1829);
#106=PLANE('',#1830);
#107=PLANE('',#1831);
#108=PLANE('',#1832);
#109=PLANE('',#1833);
#110=PLANE('',#1834);
#111=PLANE('',#1835);
#112=FACE_OUTER_BOUND('',#196,.T.);
#113=FACE_OUTER_BOUND('',#197,.T.);
#114=FACE_OUTER_BOUND('',#198,.T.);
#115=FACE_OUTER_BOUND('',#199,.T.);
#116=FACE_OUTER_BOUND('',#200,.T.);
#117=FACE_OUTER_BOUND('',#201,.T.);
#118=FACE_OUTER_BOUND('',#203,.T.);
#119=FACE_OUTER_BOUND('',#204,.T.);
#120=FACE_OUTER_BOUND('',#206,.T.);
#121=FACE_OUTER_BOUND('',#207,.T.);
#122=FACE_OUTER_BOUND('',#209,.T.);
#123=FACE_OUTER_BOUND('',#210,.T.);
#124=FACE_OUTER_BOUND('',#212,.T.);
#125=FACE_OUTER_BOUND('',#213,.T.);
#126=FACE_OUTER_BOUND('',#214,.T.);
#127=FACE_OUTER_BOUND('',#215,.T.);
#128=FACE_OUTER_BOUND('',#216,.T.);
#129=FACE_OUTER_BOUND('',#221,.T.);
#130=FACE_OUTER_BOUND('',#222,.T.);
#131=FACE_OUTER_BOUND('',#223,.T.);
#132=FACE_OUTER_BOUND('',#228,.T.);
#133=FACE_OUTER_BOUND('',#229,.T.);
#134=FACE_OUTER_BOUND('',#230,.T.);
#135=FACE_OUTER_BOUND('',#231,.T.);
#136=FACE_OUTER_BOUND('',#232,.T.);
#137=FACE_OUTER_BOUND('',#233,.T.);
#138=FACE_OUTER_BOUND('',#234,.T.);
#139=FACE_OUTER_BOUND('',#235,.T.);
#140=FACE_OUTER_BOUND('',#236,.T.);
#141=FACE_OUTER_BOUND('',#237,.T.);
#142=FACE_OUTER_BOUND('',#238,.T.);
#143=FACE_OUTER_BOUND('',#239,.T.);
#144=FACE_OUTER_BOUND('',#240,.T.);
#145=FACE_OUTER_BOUND('',#241,.T.);
#146=FACE_OUTER_BOUND('',#242,.T.);
#147=FACE_OUTER_BOUND('',#243,.T.);
#148=FACE_OUTER_BOUND('',#244,.T.);
#149=FACE_OUTER_BOUND('',#245,.T.);
#150=FACE_OUTER_BOUND('',#246,.T.);
#151=FACE_OUTER_BOUND('',#247,.T.);
#152=FACE_OUTER_BOUND('',#248,.T.);
#153=FACE_OUTER_BOUND('',#249,.T.);
#154=FACE_OUTER_BOUND('',#250,.T.);
#155=FACE_OUTER_BOUND('',#251,.T.);
#156=FACE_OUTER_BOUND('',#252,.T.);
#157=FACE_OUTER_BOUND('',#253,.T.);
#158=FACE_OUTER_BOUND('',#254,.T.);
#159=FACE_OUTER_BOUND('',#255,.T.);
#160=FACE_OUTER_BOUND('',#256,.T.);
#161=FACE_OUTER_BOUND('',#257,.T.);
#162=FACE_OUTER_BOUND('',#258,.T.);
#163=FACE_OUTER_BOUND('',#259,.T.);
#164=FACE_OUTER_BOUND('',#260,.T.);
#165=FACE_OUTER_BOUND('',#261,.T.);
#166=FACE_OUTER_BOUND('',#262,.T.);
#167=FACE_OUTER_BOUND('',#263,.T.);
#168=FACE_OUTER_BOUND('',#264,.T.);
#169=FACE_OUTER_BOUND('',#265,.T.);
#170=FACE_OUTER_BOUND('',#266,.T.);
#171=FACE_OUTER_BOUND('',#267,.T.);
#172=FACE_OUTER_BOUND('',#268,.T.);
#173=FACE_OUTER_BOUND('',#269,.T.);
#174=FACE_OUTER_BOUND('',#270,.T.);
#175=FACE_OUTER_BOUND('',#271,.T.);
#176=FACE_OUTER_BOUND('',#272,.T.);
#177=FACE_OUTER_BOUND('',#273,.T.);
#178=FACE_OUTER_BOUND('',#274,.T.);
#179=FACE_OUTER_BOUND('',#275,.T.);
#180=FACE_OUTER_BOUND('',#276,.T.);
#181=FACE_OUTER_BOUND('',#277,.T.);
#182=FACE_OUTER_BOUND('',#278,.T.);
#183=FACE_OUTER_BOUND('',#279,.T.);
#184=FACE_OUTER_BOUND('',#280,.T.);
#185=FACE_OUTER_BOUND('',#281,.T.);
#186=FACE_OUTER_BOUND('',#282,.T.);
#187=FACE_OUTER_BOUND('',#283,.T.);
#188=FACE_OUTER_BOUND('',#284,.T.);
#189=FACE_OUTER_BOUND('',#285,.T.);
#190=FACE_OUTER_BOUND('',#286,.T.);
#191=FACE_OUTER_BOUND('',#287,.T.);
#192=FACE_OUTER_BOUND('',#288,.T.);
#193=FACE_OUTER_BOUND('',#289,.T.);
#194=FACE_OUTER_BOUND('',#290,.T.);
#195=FACE_OUTER_BOUND('',#301,.T.);
#196=EDGE_LOOP('',(#1076,#1077,#1078,#1079));
#197=EDGE_LOOP('',(#1080,#1081,#1082,#1083));
#198=EDGE_LOOP('',(#1084,#1085,#1086,#1087));
#199=EDGE_LOOP('',(#1088,#1089,#1090,#1091));
#200=EDGE_LOOP('',(#1092,#1093,#1094,#1095));
#201=EDGE_LOOP('',(#1096));
#202=EDGE_LOOP('',(#1097));
#203=EDGE_LOOP('',(#1098,#1099,#1100,#1101));
#204=EDGE_LOOP('',(#1102));
#205=EDGE_LOOP('',(#1103));
#206=EDGE_LOOP('',(#1104,#1105,#1106,#1107));
#207=EDGE_LOOP('',(#1108));
#208=EDGE_LOOP('',(#1109));
#209=EDGE_LOOP('',(#1110,#1111,#1112,#1113));
#210=EDGE_LOOP('',(#1114));
#211=EDGE_LOOP('',(#1115));
#212=EDGE_LOOP('',(#1116,#1117,#1118,#1119));
#213=EDGE_LOOP('',(#1120,#1121,#1122,#1123));
#214=EDGE_LOOP('',(#1124,#1125,#1126,#1127));
#215=EDGE_LOOP('',(#1128,#1129,#1130,#1131));
#216=EDGE_LOOP('',(#1132,#1133,#1134,#1135,#1136,#1137,#1138,#1139,#1140,
#1141,#1142,#1143));
#217=EDGE_LOOP('',(#1144));
#218=EDGE_LOOP('',(#1145));
#219=EDGE_LOOP('',(#1146));
#220=EDGE_LOOP('',(#1147));
#221=EDGE_LOOP('',(#1148,#1149,#1150,#1151,#1152,#1153,#1154,#1155));
#222=EDGE_LOOP('',(#1156,#1157,#1158,#1159));
#223=EDGE_LOOP('',(#1160,#1161,#1162,#1163));
#224=EDGE_LOOP('',(#1164));
#225=EDGE_LOOP('',(#1165));
#226=EDGE_LOOP('',(#1166));
#227=EDGE_LOOP('',(#1167));
#228=EDGE_LOOP('',(#1168,#1169,#1170,#1171));
#229=EDGE_LOOP('',(#1172,#1173,#1174,#1175));
#230=EDGE_LOOP('',(#1176,#1177,#1178,#1179,#1180,#1181,#1182,#1183));
#231=EDGE_LOOP('',(#1184,#1185,#1186,#1187));
#232=EDGE_LOOP('',(#1188,#1189,#1190,#1191));
#233=EDGE_LOOP('',(#1192,#1193,#1194,#1195));
#234=EDGE_LOOP('',(#1196,#1197,#1198,#1199));
#235=EDGE_LOOP('',(#1200,#1201,#1202,#1203));
#236=EDGE_LOOP('',(#1204,#1205,#1206,#1207));
#237=EDGE_LOOP('',(#1208,#1209,#1210,#1211));
#238=EDGE_LOOP('',(#1212,#1213,#1214,#1215));
#239=EDGE_LOOP('',(#1216,#1217,#1218,#1219));
#240=EDGE_LOOP('',(#1220,#1221,#1222,#1223));
#241=EDGE_LOOP('',(#1224,#1225,#1226,#1227));
#242=EDGE_LOOP('',(#1228,#1229,#1230,#1231));
#243=EDGE_LOOP('',(#1232,#1233,#1234,#1235));
#244=EDGE_LOOP('',(#1236,#1237,#1238,#1239));
#245=EDGE_LOOP('',(#1240,#1241,#1242,#1243));
#246=EDGE_LOOP('',(#1244,#1245,#1246,#1247));
#247=EDGE_LOOP('',(#1248,#1249,#1250,#1251));
#248=EDGE_LOOP('',(#1252,#1253,#1254,#1255));
#249=EDGE_LOOP('',(#1256,#1257,#1258,#1259));
#250=EDGE_LOOP('',(#1260,#1261,#1262,#1263));
#251=EDGE_LOOP('',(#1264,#1265,#1266,#1267));
#252=EDGE_LOOP('',(#1268,#1269,#1270,#1271));
#253=EDGE_LOOP('',(#1272,#1273,#1274,#1275));
#254=EDGE_LOOP('',(#1276,#1277,#1278,#1279));
#255=EDGE_LOOP('',(#1280,#1281,#1282,#1283));
#256=EDGE_LOOP('',(#1284,#1285,#1286,#1287));
#257=EDGE_LOOP('',(#1288,#1289,#1290,#1291));
#258=EDGE_LOOP('',(#1292,#1293,#1294,#1295));
#259=EDGE_LOOP('',(#1296,#1297,#1298,#1299));
#260=EDGE_LOOP('',(#1300,#1301,#1302,#1303));
#261=EDGE_LOOP('',(#1304,#1305,#1306,#1307));
#262=EDGE_LOOP('',(#1308,#1309,#1310,#1311));
#263=EDGE_LOOP('',(#1312,#1313,#1314,#1315));
#264=EDGE_LOOP('',(#1316,#1317,#1318,#1319));
#265=EDGE_LOOP('',(#1320,#1321,#1322,#1323));
#266=EDGE_LOOP('',(#1324,#1325,#1326,#1327));
#267=EDGE_LOOP('',(#1328,#1329,#1330,#1331));
#268=EDGE_LOOP('',(#1332,#1333,#1334,#1335));
#269=EDGE_LOOP('',(#1336,#1337,#1338,#1339));
#270=EDGE_LOOP('',(#1340,#1341,#1342,#1343));
#271=EDGE_LOOP('',(#1344,#1345,#1346,#1347));
#272=EDGE_LOOP('',(#1348,#1349,#1350,#1351));
#273=EDGE_LOOP('',(#1352,#1353,#1354,#1355));
#274=EDGE_LOOP('',(#1356,#1357,#1358,#1359));
#275=EDGE_LOOP('',(#1360,#1361,#1362,#1363));
#276=EDGE_LOOP('',(#1364,#1365,#1366,#1367));
#277=EDGE_LOOP('',(#1368,#1369,#1370,#1371));
#278=EDGE_LOOP('',(#1372,#1373,#1374,#1375));
#279=EDGE_LOOP('',(#1376,#1377,#1378,#1379));
#280=EDGE_LOOP('',(#1380,#1381,#1382,#1383));
#281=EDGE_LOOP('',(#1384,#1385,#1386,#1387));
#282=EDGE_LOOP('',(#1388,#1389,#1390,#1391));
#283=EDGE_LOOP('',(#1392,#1393,#1394,#1395));
#284=EDGE_LOOP('',(#1396,#1397,#1398,#1399));
#285=EDGE_LOOP('',(#1400,#1401,#1402,#1403));
#286=EDGE_LOOP('',(#1404,#1405,#1406,#1407));
#287=EDGE_LOOP('',(#1408,#1409,#1410,#1411));
#288=EDGE_LOOP('',(#1412,#1413,#1414,#1415));
#289=EDGE_LOOP('',(#1416,#1417,#1418,#1419));
#290=EDGE_LOOP('',(#1420,#1421,#1422,#1423));
#291=EDGE_LOOP('',(#1424));
#292=EDGE_LOOP('',(#1425,#1426,#1427,#1428,#1429,#1430,#1431,#1432));
#293=EDGE_LOOP('',(#1433,#1434,#1435,#1436,#1437,#1438,#1439,#1440));
#294=EDGE_LOOP('',(#1441,#1442,#1443,#1444,#1445,#1446,#1447,#1448));
#295=EDGE_LOOP('',(#1449,#1450,#1451,#1452,#1453,#1454,#1455,#1456));
#296=EDGE_LOOP('',(#1457,#1458,#1459,#1460,#1461,#1462,#1463,#1464));
#297=EDGE_LOOP('',(#1465,#1466,#1467,#1468,#1469,#1470,#1471,#1472));
#298=EDGE_LOOP('',(#1473));
#299=EDGE_LOOP('',(#1474));
#300=EDGE_LOOP('',(#1475));
#301=EDGE_LOOP('',(#1476,#1477,#1478,#1479));
#302=EDGE_LOOP('',(#1480));
#303=EDGE_LOOP('',(#1481,#1482,#1483,#1484,#1485,#1486,#1487,#1488));
#304=EDGE_LOOP('',(#1489,#1490,#1491,#1492,#1493,#1494,#1495,#1496));
#305=EDGE_LOOP('',(#1497,#1498,#1499,#1500,#1501,#1502,#1503,#1504));
#306=EDGE_LOOP('',(#1505,#1506,#1507,#1508,#1509,#1510,#1511,#1512));
#307=EDGE_LOOP('',(#1513,#1514,#1515,#1516,#1517,#1518,#1519,#1520));
#308=EDGE_LOOP('',(#1521,#1522,#1523,#1524,#1525,#1526,#1527,#1528));
#309=EDGE_LOOP('',(#1529));
#310=EDGE_LOOP('',(#1530));
#311=EDGE_LOOP('',(#1531));
#312=LINE('',#2325,#468);
#313=LINE('',#2331,#469);
#314=LINE('',#2337,#470);
#315=LINE('',#2343,#471);
#316=LINE('',#2349,#472);
#317=LINE('',#2356,#473);
#318=LINE('',#2363,#474);
#319=LINE('',#2370,#475);
#320=LINE('',#2376,#476);
#321=LINE('',#2378,#477);
#322=LINE('',#2380,#478);
#323=LINE('',#2381,#479);
#324=LINE('',#2385,#480);
#325=LINE('',#2387,#481);
#326=LINE('',#2389,#482);
#327=LINE('',#2390,#483);
#328=LINE('',#2393,#484);
#329=LINE('',#2395,#485);
#330=LINE('',#2396,#486);
#331=LINE('',#2399,#487);
#332=LINE('',#2401,#488);
#333=LINE('',#2402,#489);
#334=LINE('',#2405,#490);
#335=LINE('',#2407,#491);
#336=LINE('',#2409,#492);
#337=LINE('',#2411,#493);
#338=LINE('',#2412,#494);
#339=LINE('',#2414,#495);
#340=LINE('',#2416,#496);
#341=LINE('',#2417,#497);
#342=LINE('',#2420,#498);
#343=LINE('',#2422,#499);
#344=LINE('',#2423,#500);
#345=LINE('',#2424,#501);
#346=LINE('',#2426,#502);
#347=LINE('',#2430,#503);
#348=LINE('',#2432,#504);
#349=LINE('',#2434,#505);
#350=LINE('',#2435,#506);
#351=LINE('',#2437,#507);
#352=LINE('',#2440,#508);
#353=LINE('',#2441,#509);
#354=LINE('',#2443,#510);
#355=LINE('',#2445,#511);
#356=LINE('',#2452,#512);
#357=LINE('',#2458,#513);
#358=LINE('',#2464,#514);
#359=LINE('',#2470,#515);
#360=LINE('',#2477,#516);
#361=LINE('',#2480,#517);
#362=LINE('',#2483,#518);
#363=LINE('',#2485,#519);
#364=LINE('',#2486,#520);
#365=LINE('',#2492,#521);
#366=LINE('',#2495,#522);
#367=LINE('',#2497,#523);
#368=LINE('',#2498,#524);
#369=LINE('',#2504,#525);
#370=LINE('',#2507,#526);
#371=LINE('',#2509,#527);
#372=LINE('',#2510,#528);
#373=LINE('',#2516,#529);
#374=LINE('',#2518,#530);
#375=LINE('',#2519,#531);
#376=LINE('',#2525,#532);
#377=LINE('',#2528,#533);
#378=LINE('',#2531,#534);
#379=LINE('',#2533,#535);
#380=LINE('',#2534,#536);
#381=LINE('',#2540,#537);
#382=LINE('',#2543,#538);
#383=LINE('',#2545,#539);
#384=LINE('',#2546,#540);
#385=LINE('',#2552,#541);
#386=LINE('',#2555,#542);
#387=LINE('',#2557,#543);
#388=LINE('',#2558,#544);
#389=LINE('',#2564,#545);
#390=LINE('',#2566,#546);
#391=LINE('',#2567,#547);
#392=LINE('',#2573,#548);
#393=LINE('',#2576,#549);
#394=LINE('',#2579,#550);
#395=LINE('',#2581,#551);
#396=LINE('',#2582,#552);
#397=LINE('',#2588,#553);
#398=LINE('',#2591,#554);
#399=LINE('',#2593,#555);
#400=LINE('',#2594,#556);
#401=LINE('',#2600,#557);
#402=LINE('',#2603,#558);
#403=LINE('',#2605,#559);
#404=LINE('',#2606,#560);
#405=LINE('',#2612,#561);
#406=LINE('',#2614,#562);
#407=LINE('',#2615,#563);
#408=LINE('',#2621,#564);
#409=LINE('',#2624,#565);
#410=LINE('',#2627,#566);
#411=LINE('',#2629,#567);
#412=LINE('',#2630,#568);
#413=LINE('',#2636,#569);
#414=LINE('',#2639,#570);
#415=LINE('',#2641,#571);
#416=LINE('',#2642,#572);
#417=LINE('',#2648,#573);
#418=LINE('',#2651,#574);
#419=LINE('',#2653,#575);
#420=LINE('',#2654,#576);
#421=LINE('',#2660,#577);
#422=LINE('',#2662,#578);
#423=LINE('',#2663,#579);
#424=LINE('',#2669,#580);
#425=LINE('',#2672,#581);
#426=LINE('',#2675,#582);
#427=LINE('',#2677,#583);
#428=LINE('',#2678,#584);
#429=LINE('',#2684,#585);
#430=LINE('',#2687,#586);
#431=LINE('',#2689,#587);
#432=LINE('',#2690,#588);
#433=LINE('',#2696,#589);
#434=LINE('',#2699,#590);
#435=LINE('',#2701,#591);
#436=LINE('',#2702,#592);
#437=LINE('',#2708,#593);
#438=LINE('',#2710,#594);
#439=LINE('',#2711,#595);
#440=LINE('',#2717,#596);
#441=LINE('',#2720,#597);
#442=LINE('',#2723,#598);
#443=LINE('',#2725,#599);
#444=LINE('',#2726,#600);
#445=LINE('',#2732,#601);
#446=LINE('',#2735,#602);
#447=LINE('',#2737,#603);
#448=LINE('',#2738,#604);
#449=LINE('',#2744,#605);
#450=LINE('',#2747,#606);
#451=LINE('',#2749,#607);
#452=LINE('',#2750,#608);
#453=LINE('',#2756,#609);
#454=LINE('',#2758,#610);
#455=LINE('',#2759,#611);
#456=LINE('',#2763,#612);
#457=LINE('',#2765,#613);
#458=LINE('',#2767,#614);
#459=LINE('',#2768,#615);
#460=LINE('',#2771,#616);
#461=LINE('',#2773,#617);
#462=LINE('',#2774,#618);
#463=LINE('',#2777,#619);
#464=LINE('',#2779,#620);
#465=LINE('',#2780,#621);
#466=LINE('',#2782,#622);
#467=LINE('',#2783,#623);
#468=VECTOR('',#1847,1.7);
#469=VECTOR('',#1854,1.7);
#470=VECTOR('',#1861,1.7);
#471=VECTOR('',#1868,1.7);
#472=VECTOR('',#1875,2.35000000000001);
#473=VECTOR('',#1884,2.35);
#474=VECTOR('',#1893,2.35);
#475=VECTOR('',#1902,2.34999999999999);
#476=VECTOR('',#1909,10.);
#477=VECTOR('',#1910,10.);
#478=VECTOR('',#1911,10.);
#479=VECTOR('',#1912,10.);
#480=VECTOR('',#1915,10.);
#481=VECTOR('',#1916,10.);
#482=VECTOR('',#1917,10.);
#483=VECTOR('',#1918,10.);
#484=VECTOR('',#1921,10.);
#485=VECTOR('',#1922,10.);
#486=VECTOR('',#1923,10.);
#487=VECTOR('',#1926,10.);
#488=VECTOR('',#1927,10.);
#489=VECTOR('',#1928,10.);
#490=VECTOR('',#1931,10.);
#491=VECTOR('',#1932,10.);
#492=VECTOR('',#1933,10.);
#493=VECTOR('',#1934,10.);
#494=VECTOR('',#1935,10.);
#495=VECTOR('',#1936,10.);
#496=VECTOR('',#1937,10.);
#497=VECTOR('',#1938,10.);
#498=VECTOR('',#1941,10.);
#499=VECTOR('',#1942,10.);
#500=VECTOR('',#1943,10.);
#501=VECTOR('',#1944,10.);
#502=VECTOR('',#1947,10.);
#503=VECTOR('',#1950,10.);
#504=VECTOR('',#1951,10.);
#505=VECTOR('',#1952,10.);
#506=VECTOR('',#1953,10.);
#507=VECTOR('',#1956,10.);
#508=VECTOR('',#1961,10.);
#509=VECTOR('',#1962,10.);
#510=VECTOR('',#1965,10.);
#511=VECTOR('',#1968,10.);
#512=VECTOR('',#1977,1.7);
#513=VECTOR('',#1984,1.7);
#514=VECTOR('',#1991,1.7);
#515=VECTOR('',#1998,1.7);
#516=VECTOR('',#2005,10.);
#517=VECTOR('',#2008,10.);
#518=VECTOR('',#2011,10.);
#519=VECTOR('',#2012,10.);
#520=VECTOR('',#2013,10.);
#521=VECTOR('',#2020,10.);
#522=VECTOR('',#2023,10.);
#523=VECTOR('',#2024,10.);
#524=VECTOR('',#2025,10.);
#525=VECTOR('',#2032,10.);
#526=VECTOR('',#2035,10.);
#527=VECTOR('',#2036,10.);
#528=VECTOR('',#2037,10.);
#529=VECTOR('',#2044,10.);
#530=VECTOR('',#2047,10.);
#531=VECTOR('',#2048,10.);
#532=VECTOR('',#2053,10.);
#533=VECTOR('',#2056,10.);
#534=VECTOR('',#2059,10.);
#535=VECTOR('',#2060,10.);
#536=VECTOR('',#2061,10.);
#537=VECTOR('',#2068,10.);
#538=VECTOR('',#2071,10.);
#539=VECTOR('',#2072,10.);
#540=VECTOR('',#2073,10.);
#541=VECTOR('',#2080,10.);
#542=VECTOR('',#2083,10.);
#543=VECTOR('',#2084,10.);
#544=VECTOR('',#2085,10.);
#545=VECTOR('',#2092,10.);
#546=VECTOR('',#2095,10.);
#547=VECTOR('',#2096,10.);
#548=VECTOR('',#2101,10.);
#549=VECTOR('',#2104,10.);
#550=VECTOR('',#2107,10.);
#551=VECTOR('',#2108,10.);
#552=VECTOR('',#2109,10.);
#553=VECTOR('',#2116,10.);
#554=VECTOR('',#2119,10.);
#555=VECTOR('',#2120,10.);
#556=VECTOR('',#2121,10.);
#557=VECTOR('',#2128,10.);
#558=VECTOR('',#2131,10.);
#559=VECTOR('',#2132,10.);
#560=VECTOR('',#2133,10.);
#561=VECTOR('',#2140,10.);
#562=VECTOR('',#2143,10.);
#563=VECTOR('',#2144,10.);
#564=VECTOR('',#2149,10.);
#565=VECTOR('',#2152,10.);
#566=VECTOR('',#2155,10.);
#567=VECTOR('',#2156,10.);
#568=VECTOR('',#2157,10.);
#569=VECTOR('',#2164,10.);
#570=VECTOR('',#2167,10.);
#571=VECTOR('',#2168,10.);
#572=VECTOR('',#2169,10.);
#573=VECTOR('',#2176,10.);
#574=VECTOR('',#2179,10.);
#575=VECTOR('',#2180,10.);
#576=VECTOR('',#2181,10.);
#577=VECTOR('',#2188,10.);
#578=VECTOR('',#2191,10.);
#579=VECTOR('',#2192,10.);
#580=VECTOR('',#2197,10.);
#581=VECTOR('',#2200,10.);
#582=VECTOR('',#2203,10.);
#583=VECTOR('',#2204,10.);
#584=VECTOR('',#2205,10.);
#585=VECTOR('',#2212,10.);
#586=VECTOR('',#2215,10.);
#587=VECTOR('',#2216,10.);
#588=VECTOR('',#2217,10.);
#589=VECTOR('',#2224,10.);
#590=VECTOR('',#2227,10.);
#591=VECTOR('',#2228,10.);
#592=VECTOR('',#2229,10.);
#593=VECTOR('',#2236,10.);
#594=VECTOR('',#2239,10.);
#595=VECTOR('',#2240,10.);
#596=VECTOR('',#2245,10.);
#597=VECTOR('',#2248,10.);
#598=VECTOR('',#2251,10.);
#599=VECTOR('',#2252,10.);
#600=VECTOR('',#2253,10.);
#601=VECTOR('',#2260,10.);
#602=VECTOR('',#2263,10.);
#603=VECTOR('',#2264,10.);
#604=VECTOR('',#2265,10.);
#605=VECTOR('',#2272,10.);
#606=VECTOR('',#2275,10.);
#607=VECTOR('',#2276,10.);
#608=VECTOR('',#2277,10.);
#609=VECTOR('',#2284,10.);
#610=VECTOR('',#2287,10.);
#611=VECTOR('',#2288,10.);
#612=VECTOR('',#2291,10.);
#613=VECTOR('',#2292,10.);
#614=VECTOR('',#2293,10.);
#615=VECTOR('',#2294,10.);
#616=VECTOR('',#2297,10.);
#617=VECTOR('',#2298,10.);
#618=VECTOR('',#2299,10.);
#619=VECTOR('',#2302,10.);
#620=VECTOR('',#2303,10.);
#621=VECTOR('',#2304,10.);
#622=VECTOR('',#2307,10.);
#623=VECTOR('',#2308,10.);
#624=CIRCLE('',#1680,1.7);
#625=CIRCLE('',#1681,1.7);
#626=CIRCLE('',#1683,1.7);
#627=CIRCLE('',#1684,1.7);
#628=CIRCLE('',#1686,1.7);
#629=CIRCLE('',#1687,1.7);
#630=CIRCLE('',#1689,1.7);
#631=CIRCLE('',#1690,1.7);
#632=CIRCLE('',#1692,2.35000000000001);
#633=CIRCLE('',#1693,2.35000000000001);
#634=CIRCLE('',#1696,2.35);
#635=CIRCLE('',#1697,2.35);
#636=CIRCLE('',#1700,2.35);
#637=CIRCLE('',#1701,2.35);
#638=CIRCLE('',#1704,2.34999999999999);
#639=CIRCLE('',#1705,2.34999999999999);
#640=CIRCLE('',#1723,1.7);
#641=CIRCLE('',#1724,1.7);
#642=CIRCLE('',#1726,1.7);
#643=CIRCLE('',#1727,1.7);
#644=CIRCLE('',#1729,1.7);
#645=CIRCLE('',#1730,1.7);
#646=CIRCLE('',#1732,1.7);
#647=CIRCLE('',#1733,1.7);
#648=CIRCLE('',#1735,0.499999999999998);
#649=CIRCLE('',#1736,0.499999999999998);
#650=CIRCLE('',#1739,0.499999999999998);
#651=CIRCLE('',#1740,0.499999999999998);
#652=CIRCLE('',#1743,0.500000000000003);
#653=CIRCLE('',#1744,0.500000000000003);
#654=CIRCLE('',#1747,0.499999999999998);
#655=CIRCLE('',#1748,0.499999999999998);
#656=CIRCLE('',#1751,0.499999999999998);
#657=CIRCLE('',#1752,0.499999999999998);
#658=CIRCLE('',#1755,0.499999999999998);
#659=CIRCLE('',#1756,0.499999999999998);
#660=CIRCLE('',#1759,0.500000000000003);
#661=CIRCLE('',#1760,0.500000000000003);
#662=CIRCLE('',#1763,0.500000000000003);
#663=CIRCLE('',#1764,0.500000000000003);
#664=CIRCLE('',#1767,0.499999999999998);
#665=CIRCLE('',#1768,0.499999999999998);
#666=CIRCLE('',#1771,0.5);
#667=CIRCLE('',#1772,0.5);
#668=CIRCLE('',#1775,0.500000000000003);
#669=CIRCLE('',#1776,0.500000000000003);
#670=CIRCLE('',#1779,0.499999999999998);
#671=CIRCLE('',#1780,0.499999999999998);
#672=CIRCLE('',#1783,0.5);
#673=CIRCLE('',#1784,0.5);
#674=CIRCLE('',#1787,0.499999999999998);
#675=CIRCLE('',#1788,0.499999999999998);
#676=CIRCLE('',#1791,0.499999999999998);
#677=CIRCLE('',#1792,0.499999999999998);
#678=CIRCLE('',#1795,0.499999999999998);
#679=CIRCLE('',#1796,0.499999999999998);
#680=CIRCLE('',#1799,0.5);
#681=CIRCLE('',#1800,0.5);
#682=CIRCLE('',#1803,0.499999999999998);
#683=CIRCLE('',#1804,0.499999999999998);
#684=CIRCLE('',#1807,0.499999999999998);
#685=CIRCLE('',#1808,0.499999999999998);
#686=CIRCLE('',#1811,0.500000000000003);
#687=CIRCLE('',#1812,0.500000000000003);
#688=CIRCLE('',#1815,0.5);
#689=CIRCLE('',#1816,0.5);
#690=CIRCLE('',#1819,0.5);
#691=CIRCLE('',#1820,0.5);
#692=CIRCLE('',#1823,0.499999999999998);
#693=CIRCLE('',#1824,0.499999999999998);
#694=CIRCLE('',#1827,0.499999999999998);
#695=CIRCLE('',#1828,0.499999999999998);
#696=VERTEX_POINT('',#2322);
#697=VERTEX_POINT('',#2324);
#698=VERTEX_POINT('',#2328);
#699=VERTEX_POINT('',#2330);
#700=VERTEX_POINT('',#2334);
#701=VERTEX_POINT('',#2336);
#702=VERTEX_POINT('',#2340);
#703=VERTEX_POINT('',#2342);
#704=VERTEX_POINT('',#2346);
#705=VERTEX_POINT('',#2348);
#706=VERTEX_POINT('',#2353);
#707=VERTEX_POINT('',#2355);
#708=VERTEX_POINT('',#2360);
#709=VERTEX_POINT('',#2362);
#710=VERTEX_POINT('',#2367);
#711=VERTEX_POINT('',#2369);
#712=VERTEX_POINT('',#2374);
#713=VERTEX_POINT('',#2375);
#714=VERTEX_POINT('',#2377);
#715=VERTEX_POINT('',#2379);
#716=VERTEX_POINT('',#2383);
#717=VERTEX_POINT('',#2384);
#718=VERTEX_POINT('',#2386);
#719=VERTEX_POINT('',#2388);
#720=VERTEX_POINT('',#2392);
#721=VERTEX_POINT('',#2394);
#722=VERTEX_POINT('',#2398);
#723=VERTEX_POINT('',#2400);
#724=VERTEX_POINT('',#2404);
#725=VERTEX_POINT('',#2406);
#726=VERTEX_POINT('',#2408);
#727=VERTEX_POINT('',#2410);
#728=VERTEX_POINT('',#2413);
#729=VERTEX_POINT('',#2415);
#730=VERTEX_POINT('',#2419);
#731=VERTEX_POINT('',#2421);
#732=VERTEX_POINT('',#2428);
#733=VERTEX_POINT('',#2429);
#734=VERTEX_POINT('',#2431);
#735=VERTEX_POINT('',#2433);
#736=VERTEX_POINT('',#2449);
#737=VERTEX_POINT('',#2451);
#738=VERTEX_POINT('',#2455);
#739=VERTEX_POINT('',#2457);
#740=VERTEX_POINT('',#2461);
#741=VERTEX_POINT('',#2463);
#742=VERTEX_POINT('',#2467);
#743=VERTEX_POINT('',#2469);
#744=VERTEX_POINT('',#2473);
#745=VERTEX_POINT('',#2474);
#746=VERTEX_POINT('',#2476);
#747=VERTEX_POINT('',#2478);
#748=VERTEX_POINT('',#2482);
#749=VERTEX_POINT('',#2484);
#750=VERTEX_POINT('',#2488);
#751=VERTEX_POINT('',#2490);
#752=VERTEX_POINT('',#2494);
#753=VERTEX_POINT('',#2496);
#754=VERTEX_POINT('',#2500);
#755=VERTEX_POINT('',#2502);
#756=VERTEX_POINT('',#2506);
#757=VERTEX_POINT('',#2508);
#758=VERTEX_POINT('',#2512);
#759=VERTEX_POINT('',#2514);
#760=VERTEX_POINT('',#2521);
#761=VERTEX_POINT('',#2522);
#762=VERTEX_POINT('',#2524);
#763=VERTEX_POINT('',#2526);
#764=VERTEX_POINT('',#2530);
#765=VERTEX_POINT('',#2532);
#766=VERTEX_POINT('',#2536);
#767=VERTEX_POINT('',#2538);
#768=VERTEX_POINT('',#2542);
#769=VERTEX_POINT('',#2544);
#770=VERTEX_POINT('',#2548);
#771=VERTEX_POINT('',#2550);
#772=VERTEX_POINT('',#2554);
#773=VERTEX_POINT('',#2556);
#774=VERTEX_POINT('',#2560);
#775=VERTEX_POINT('',#2562);
#776=VERTEX_POINT('',#2569);
#777=VERTEX_POINT('',#2570);
#778=VERTEX_POINT('',#2572);
#779=VERTEX_POINT('',#2574);
#780=VERTEX_POINT('',#2578);
#781=VERTEX_POINT('',#2580);
#782=VERTEX_POINT('',#2584);
#783=VERTEX_POINT('',#2586);
#784=VERTEX_POINT('',#2590);
#785=VERTEX_POINT('',#2592);
#786=VERTEX_POINT('',#2596);
#787=VERTEX_POINT('',#2598);
#788=VERTEX_POINT('',#2602);
#789=VERTEX_POINT('',#2604);
#790=VERTEX_POINT('',#2608);
#791=VERTEX_POINT('',#2610);
#792=VERTEX_POINT('',#2617);
#793=VERTEX_POINT('',#2618);
#794=VERTEX_POINT('',#2620);
#795=VERTEX_POINT('',#2622);
#796=VERTEX_POINT('',#2626);
#797=VERTEX_POINT('',#2628);
#798=VERTEX_POINT('',#2632);
#799=VERTEX_POINT('',#2634);
#800=VERTEX_POINT('',#2638);
#801=VERTEX_POINT('',#2640);
#802=VERTEX_POINT('',#2644);
#803=VERTEX_POINT('',#2646);
#804=VERTEX_POINT('',#2650);
#805=VERTEX_POINT('',#2652);
#806=VERTEX_POINT('',#2656);
#807=VERTEX_POINT('',#2658);
#808=VERTEX_POINT('',#2665);
#809=VERTEX_POINT('',#2666);
#810=VERTEX_POINT('',#2668);
#811=VERTEX_POINT('',#2670);
#812=VERTEX_POINT('',#2674);
#813=VERTEX_POINT('',#2676);
#814=VERTEX_POINT('',#2680);
#815=VERTEX_POINT('',#2682);
#816=VERTEX_POINT('',#2686);
#817=VERTEX_POINT('',#2688);
#818=VERTEX_POINT('',#2692);
#819=VERTEX_POINT('',#2694);
#820=VERTEX_POINT('',#2698);
#821=VERTEX_POINT('',#2700);
#822=VERTEX_POINT('',#2704);
#823=VERTEX_POINT('',#2706);
#824=VERTEX_POINT('',#2713);
#825=VERTEX_POINT('',#2714);
#826=VERTEX_POINT('',#2716);
#827=VERTEX_POINT('',#2718);
#828=VERTEX_POINT('',#2722);
#829=VERTEX_POINT('',#2724);
#830=VERTEX_POINT('',#2728);
#831=VERTEX_POINT('',#2730);
#832=VERTEX_POINT('',#2734);
#833=VERTEX_POINT('',#2736);
#834=VERTEX_POINT('',#2740);
#835=VERTEX_POINT('',#2742);
#836=VERTEX_POINT('',#2746);
#837=VERTEX_POINT('',#2748);
#838=VERTEX_POINT('',#2752);
#839=VERTEX_POINT('',#2754);
#840=VERTEX_POINT('',#2761);
#841=VERTEX_POINT('',#2762);
#842=VERTEX_POINT('',#2764);
#843=VERTEX_POINT('',#2766);
#844=VERTEX_POINT('',#2770);
#845=VERTEX_POINT('',#2772);
#846=VERTEX_POINT('',#2776);
#847=VERTEX_POINT('',#2778);
#848=EDGE_CURVE('',#696,#696,#624,.T.);
#849=EDGE_CURVE('',#696,#697,#312,.T.);
#850=EDGE_CURVE('',#697,#697,#625,.T.);
#851=EDGE_CURVE('',#698,#698,#626,.T.);
#852=EDGE_CURVE('',#698,#699,#313,.T.);
#853=EDGE_CURVE('',#699,#699,#627,.T.);
#854=EDGE_CURVE('',#700,#700,#628,.T.);
#855=EDGE_CURVE('',#700,#701,#314,.T.);
#856=EDGE_CURVE('',#701,#701,#629,.T.);
#857=EDGE_CURVE('',#702,#702,#630,.T.);
#858=EDGE_CURVE('',#702,#703,#315,.T.);
#859=EDGE_CURVE('',#703,#703,#631,.T.);
#860=EDGE_CURVE('',#704,#704,#632,.T.);
#861=EDGE_CURVE('',#704,#705,#316,.T.);
#862=EDGE_CURVE('',#705,#705,#633,.T.);
#863=EDGE_CURVE('',#706,#706,#634,.T.);
#864=EDGE_CURVE('',#706,#707,#317,.T.);
#865=EDGE_CURVE('',#707,#707,#635,.T.);
#866=EDGE_CURVE('',#708,#708,#636,.T.);
#867=EDGE_CURVE('',#708,#709,#318,.T.);
#868=EDGE_CURVE('',#709,#709,#637,.T.);
#869=EDGE_CURVE('',#710,#710,#638,.T.);
#870=EDGE_CURVE('',#710,#711,#319,.T.);
#871=EDGE_CURVE('',#711,#711,#639,.T.);
#872=EDGE_CURVE('',#712,#713,#320,.T.);
#873=EDGE_CURVE('',#712,#714,#321,.T.);
#874=EDGE_CURVE('',#715,#714,#322,.T.);
#875=EDGE_CURVE('',#713,#715,#323,.T.);
#876=EDGE_CURVE('',#716,#717,#324,.T.);
#877=EDGE_CURVE('',#718,#716,#325,.T.);
#878=EDGE_CURVE('',#719,#718,#326,.T.);
#879=EDGE_CURVE('',#717,#719,#327,.T.);
#880=EDGE_CURVE('',#717,#720,#328,.T.);
#881=EDGE_CURVE('',#720,#721,#329,.T.);
#882=EDGE_CURVE('',#716,#721,#330,.T.);
#883=EDGE_CURVE('',#722,#713,#331,.T.);
#884=EDGE_CURVE('',#723,#722,#332,.T.);
#885=EDGE_CURVE('',#723,#712,#333,.T.);
#886=EDGE_CURVE('',#715,#724,#334,.T.);
#887=EDGE_CURVE('',#724,#725,#335,.T.);
#888=EDGE_CURVE('',#725,#726,#336,.T.);
#889=EDGE_CURVE('',#726,#727,#337,.T.);
#890=EDGE_CURVE('',#727,#718,#338,.T.);
#891=EDGE_CURVE('',#721,#728,#339,.T.);
#892=EDGE_CURVE('',#728,#729,#340,.T.);
#893=EDGE_CURVE('',#729,#722,#341,.T.);
#894=EDGE_CURVE('',#730,#723,#342,.T.);
#895=EDGE_CURVE('',#731,#730,#343,.T.);
#896=EDGE_CURVE('',#720,#731,#344,.T.);
#897=EDGE_CURVE('',#714,#719,#345,.T.);
#898=EDGE_CURVE('',#731,#728,#346,.T.);
#899=EDGE_CURVE('',#732,#733,#347,.T.);
#900=EDGE_CURVE('',#733,#734,#348,.T.);
#901=EDGE_CURVE('',#734,#735,#349,.T.);
#902=EDGE_CURVE('',#735,#732,#350,.T.);
#903=EDGE_CURVE('',#730,#729,#351,.T.);
#904=EDGE_CURVE('',#734,#727,#352,.T.);
#905=EDGE_CURVE('',#733,#724,#353,.T.);
#906=EDGE_CURVE('',#735,#726,#354,.T.);
#907=EDGE_CURVE('',#732,#725,#355,.T.);
#908=EDGE_CURVE('',#736,#736,#640,.T.);
#909=EDGE_CURVE('',#736,#737,#356,.T.);
#910=EDGE_CURVE('',#737,#737,#641,.T.);
#911=EDGE_CURVE('',#738,#738,#642,.T.);
#912=EDGE_CURVE('',#738,#739,#357,.T.);
#913=EDGE_CURVE('',#739,#739,#643,.T.);
#914=EDGE_CURVE('',#740,#740,#644,.T.);
#915=EDGE_CURVE('',#740,#741,#358,.T.);
#916=EDGE_CURVE('',#741,#741,#645,.T.);
#917=EDGE_CURVE('',#742,#742,#646,.T.);
#918=EDGE_CURVE('',#742,#743,#359,.T.);
#919=EDGE_CURVE('',#743,#743,#647,.T.);
#920=EDGE_CURVE('',#744,#745,#648,.T.);
#921=EDGE_CURVE('',#744,#746,#360,.T.);
#922=EDGE_CURVE('',#747,#746,#649,.T.);
#923=EDGE_CURVE('',#745,#747,#361,.T.);
#924=EDGE_CURVE('',#745,#748,#362,.T.);
#925=EDGE_CURVE('',#749,#747,#363,.T.);
#926=EDGE_CURVE('',#748,#749,#364,.T.);
#927=EDGE_CURVE('',#748,#750,#650,.T.);
#928=EDGE_CURVE('',#751,#749,#651,.T.);
#929=EDGE_CURVE('',#750,#751,#365,.T.);
#930=EDGE_CURVE('',#750,#752,#366,.T.);
#931=EDGE_CURVE('',#753,#751,#367,.T.);
#932=EDGE_CURVE('',#752,#753,#368,.T.);
#933=EDGE_CURVE('',#752,#754,#652,.T.);
#934=EDGE_CURVE('',#755,#753,#653,.T.);
#935=EDGE_CURVE('',#754,#755,#369,.T.);
#936=EDGE_CURVE('',#756,#754,#370,.T.);
#937=EDGE_CURVE('',#757,#755,#371,.T.);
#938=EDGE_CURVE('',#756,#757,#372,.T.);
#939=EDGE_CURVE('',#756,#758,#654,.T.);
#940=EDGE_CURVE('',#759,#757,#655,.T.);
#941=EDGE_CURVE('',#758,#759,#373,.T.);
#942=EDGE_CURVE('',#744,#758,#374,.T.);
#943=EDGE_CURVE('',#746,#759,#375,.T.);
#944=EDGE_CURVE('',#760,#761,#656,.T.);
#945=EDGE_CURVE('',#760,#762,#376,.T.);
#946=EDGE_CURVE('',#763,#762,#657,.T.);
#947=EDGE_CURVE('',#761,#763,#377,.T.);
#948=EDGE_CURVE('',#761,#764,#378,.T.);
#949=EDGE_CURVE('',#765,#763,#379,.T.);
#950=EDGE_CURVE('',#764,#765,#380,.T.);
#951=EDGE_CURVE('',#764,#766,#658,.T.);
#952=EDGE_CURVE('',#767,#765,#659,.T.);
#953=EDGE_CURVE('',#766,#767,#381,.T.);
#954=EDGE_CURVE('',#766,#768,#382,.T.);
#955=EDGE_CURVE('',#769,#767,#383,.T.);
#956=EDGE_CURVE('',#768,#769,#384,.T.);
#957=EDGE_CURVE('',#768,#770,#660,.T.);
#958=EDGE_CURVE('',#771,#769,#661,.T.);
#959=EDGE_CURVE('',#770,#771,#385,.T.);
#960=EDGE_CURVE('',#772,#770,#386,.T.);
#961=EDGE_CURVE('',#773,#771,#387,.T.);
#962=EDGE_CURVE('',#772,#773,#388,.T.);
#963=EDGE_CURVE('',#772,#774,#662,.T.);
#964=EDGE_CURVE('',#775,#773,#663,.T.);
#965=EDGE_CURVE('',#774,#775,#389,.T.);
#966=EDGE_CURVE('',#760,#774,#390,.T.);
#967=EDGE_CURVE('',#762,#775,#391,.T.);
#968=EDGE_CURVE('',#776,#777,#664,.T.);
#969=EDGE_CURVE('',#776,#778,#392,.T.);
#970=EDGE_CURVE('',#779,#778,#665,.T.);
#971=EDGE_CURVE('',#777,#779,#393,.T.);
#972=EDGE_CURVE('',#777,#780,#394,.T.);
#973=EDGE_CURVE('',#781,#779,#395,.T.);
#974=EDGE_CURVE('',#780,#781,#396,.T.);
#975=EDGE_CURVE('',#780,#782,#666,.T.);
#976=EDGE_CURVE('',#783,#781,#667,.T.);
#977=EDGE_CURVE('',#782,#783,#397,.T.);
#978=EDGE_CURVE('',#782,#784,#398,.T.);
#979=EDGE_CURVE('',#785,#783,#399,.T.);
#980=EDGE_CURVE('',#784,#785,#400,.T.);
#981=EDGE_CURVE('',#784,#786,#668,.T.);
#982=EDGE_CURVE('',#787,#785,#669,.T.);
#983=EDGE_CURVE('',#786,#787,#401,.T.);
#984=EDGE_CURVE('',#788,#786,#402,.T.);
#985=EDGE_CURVE('',#789,#787,#403,.T.);
#986=EDGE_CURVE('',#788,#789,#404,.T.);
#987=EDGE_CURVE('',#788,#790,#670,.T.);
#988=EDGE_CURVE('',#791,#789,#671,.T.);
#989=EDGE_CURVE('',#790,#791,#405,.T.);
#990=EDGE_CURVE('',#776,#790,#406,.T.);
#991=EDGE_CURVE('',#778,#791,#407,.T.);
#992=EDGE_CURVE('',#792,#793,#672,.T.);
#993=EDGE_CURVE('',#792,#794,#408,.T.);
#994=EDGE_CURVE('',#795,#794,#673,.T.);
#995=EDGE_CURVE('',#793,#795,#409,.T.);
#996=EDGE_CURVE('',#793,#796,#410,.T.);
#997=EDGE_CURVE('',#797,#795,#411,.T.);
#998=EDGE_CURVE('',#796,#797,#412,.T.);
#999=EDGE_CURVE('',#796,#798,#674,.T.);
#1000=EDGE_CURVE('',#799,#797,#675,.T.);
#1001=EDGE_CURVE('',#798,#799,#413,.T.);
#1002=EDGE_CURVE('',#798,#800,#414,.T.);
#1003=EDGE_CURVE('',#801,#799,#415,.T.);
#1004=EDGE_CURVE('',#800,#801,#416,.T.);
#1005=EDGE_CURVE('',#800,#802,#676,.T.);
#1006=EDGE_CURVE('',#803,#801,#677,.T.);
#1007=EDGE_CURVE('',#802,#803,#417,.T.);
#1008=EDGE_CURVE('',#804,#802,#418,.T.);
#1009=EDGE_CURVE('',#805,#803,#419,.T.);
#1010=EDGE_CURVE('',#804,#805,#420,.T.);
#1011=EDGE_CURVE('',#804,#806,#678,.T.);
#1012=EDGE_CURVE('',#807,#805,#679,.T.);
#1013=EDGE_CURVE('',#806,#807,#421,.T.);
#1014=EDGE_CURVE('',#792,#806,#422,.T.);
#1015=EDGE_CURVE('',#794,#807,#423,.T.);
#1016=EDGE_CURVE('',#808,#809,#680,.T.);
#1017=EDGE_CURVE('',#808,#810,#424,.T.);
#1018=EDGE_CURVE('',#811,#810,#681,.T.);
#1019=EDGE_CURVE('',#809,#811,#425,.T.);
#1020=EDGE_CURVE('',#809,#812,#426,.T.);
#1021=EDGE_CURVE('',#813,#811,#427,.T.);
#1022=EDGE_CURVE('',#812,#813,#428,.T.);
#1023=EDGE_CURVE('',#812,#814,#682,.T.);
#1024=EDGE_CURVE('',#815,#813,#683,.T.);
#1025=EDGE_CURVE('',#814,#815,#429,.T.);
#1026=EDGE_CURVE('',#814,#816,#430,.T.);
#1027=EDGE_CURVE('',#817,#815,#431,.T.);
#1028=EDGE_CURVE('',#816,#817,#432,.T.);
#1029=EDGE_CURVE('',#816,#818,#684,.T.);
#1030=EDGE_CURVE('',#819,#817,#685,.T.);
#1031=EDGE_CURVE('',#818,#819,#433,.T.);
#1032=EDGE_CURVE('',#820,#818,#434,.T.);
#1033=EDGE_CURVE('',#821,#819,#435,.T.);
#1034=EDGE_CURVE('',#820,#821,#436,.T.);
#1035=EDGE_CURVE('',#820,#822,#686,.T.);
#1036=EDGE_CURVE('',#823,#821,#687,.T.);
#1037=EDGE_CURVE('',#822,#823,#437,.T.);
#1038=EDGE_CURVE('',#808,#822,#438,.T.);
#1039=EDGE_CURVE('',#810,#823,#439,.T.);
#1040=EDGE_CURVE('',#824,#825,#688,.T.);
#1041=EDGE_CURVE('',#824,#826,#440,.T.);
#1042=EDGE_CURVE('',#827,#826,#689,.T.);
#1043=EDGE_CURVE('',#825,#827,#441,.T.);
#1044=EDGE_CURVE('',#825,#828,#442,.T.);
#1045=EDGE_CURVE('',#829,#827,#443,.T.);
#1046=EDGE_CURVE('',#828,#829,#444,.T.);
#1047=EDGE_CURVE('',#828,#830,#690,.T.);
#1048=EDGE_CURVE('',#831,#829,#691,.T.);
#1049=EDGE_CURVE('',#830,#831,#445,.T.);
#1050=EDGE_CURVE('',#830,#832,#446,.T.);
#1051=EDGE_CURVE('',#833,#831,#447,.T.);
#1052=EDGE_CURVE('',#832,#833,#448,.T.);
#1053=EDGE_CURVE('',#832,#834,#692,.T.);
#1054=EDGE_CURVE('',#835,#833,#693,.T.);
#1055=EDGE_CURVE('',#834,#835,#449,.T.);
#1056=EDGE_CURVE('',#836,#834,#450,.T.);
#1057=EDGE_CURVE('',#837,#835,#451,.T.);
#1058=EDGE_CURVE('',#836,#837,#452,.T.);
#1059=EDGE_CURVE('',#836,#838,#694,.T.);
#1060=EDGE_CURVE('',#839,#837,#695,.T.);
#1061=EDGE_CURVE('',#838,#839,#453,.T.);
#1062=EDGE_CURVE('',#824,#838,#454,.T.);
#1063=EDGE_CURVE('',#826,#839,#455,.T.);
#1064=EDGE_CURVE('',#840,#841,#456,.T.);
#1065=EDGE_CURVE('',#840,#842,#457,.T.);
#1066=EDGE_CURVE('',#843,#842,#458,.T.);
#1067=EDGE_CURVE('',#841,#843,#459,.T.);
#1068=EDGE_CURVE('',#841,#844,#460,.T.);
#1069=EDGE_CURVE('',#845,#843,#461,.T.);
#1070=EDGE_CURVE('',#844,#845,#462,.T.);
#1071=EDGE_CURVE('',#844,#846,#463,.T.);
#1072=EDGE_CURVE('',#847,#845,#464,.T.);
#1073=EDGE_CURVE('',#846,#847,#465,.T.);
#1074=EDGE_CURVE('',#846,#840,#466,.T.);
#1075=EDGE_CURVE('',#842,#847,#467,.T.);
#1076=ORIENTED_EDGE('',*,*,#848,.F.);
#1077=ORIENTED_EDGE('',*,*,#849,.T.);
#1078=ORIENTED_EDGE('',*,*,#850,.F.);
#1079=ORIENTED_EDGE('',*,*,#849,.F.);
#1080=ORIENTED_EDGE('',*,*,#851,.F.);
#1081=ORIENTED_EDGE('',*,*,#852,.T.);
#1082=ORIENTED_EDGE('',*,*,#853,.F.);
#1083=ORIENTED_EDGE('',*,*,#852,.F.);
#1084=ORIENTED_EDGE('',*,*,#854,.F.);
#1085=ORIENTED_EDGE('',*,*,#855,.T.);
#1086=ORIENTED_EDGE('',*,*,#856,.F.);
#1087=ORIENTED_EDGE('',*,*,#855,.F.);
#1088=ORIENTED_EDGE('',*,*,#857,.F.);
#1089=ORIENTED_EDGE('',*,*,#858,.T.);
#1090=ORIENTED_EDGE('',*,*,#859,.F.);
#1091=ORIENTED_EDGE('',*,*,#858,.F.);
#1092=ORIENTED_EDGE('',*,*,#860,.F.);
#1093=ORIENTED_EDGE('',*,*,#861,.T.);
#1094=ORIENTED_EDGE('',*,*,#862,.T.);
#1095=ORIENTED_EDGE('',*,*,#861,.F.);
#1096=ORIENTED_EDGE('',*,*,#862,.F.);
#1097=ORIENTED_EDGE('',*,*,#857,.T.);
#1098=ORIENTED_EDGE('',*,*,#863,.F.);
#1099=ORIENTED_EDGE('',*,*,#864,.T.);
#1100=ORIENTED_EDGE('',*,*,#865,.T.);
#1101=ORIENTED_EDGE('',*,*,#864,.F.);
#1102=ORIENTED_EDGE('',*,*,#865,.F.);
#1103=ORIENTED_EDGE('',*,*,#848,.T.);
#1104=ORIENTED_EDGE('',*,*,#866,.F.);
#1105=ORIENTED_EDGE('',*,*,#867,.T.);
#1106=ORIENTED_EDGE('',*,*,#868,.T.);
#1107=ORIENTED_EDGE('',*,*,#867,.F.);
#1108=ORIENTED_EDGE('',*,*,#868,.F.);
#1109=ORIENTED_EDGE('',*,*,#854,.T.);
#1110=ORIENTED_EDGE('',*,*,#869,.F.);
#1111=ORIENTED_EDGE('',*,*,#870,.T.);
#1112=ORIENTED_EDGE('',*,*,#871,.T.);
#1113=ORIENTED_EDGE('',*,*,#870,.F.);
#1114=ORIENTED_EDGE('',*,*,#871,.F.);
#1115=ORIENTED_EDGE('',*,*,#851,.T.);
#1116=ORIENTED_EDGE('',*,*,#872,.F.);
#1117=ORIENTED_EDGE('',*,*,#873,.T.);
#1118=ORIENTED_EDGE('',*,*,#874,.F.);
#1119=ORIENTED_EDGE('',*,*,#875,.F.);
#1120=ORIENTED_EDGE('',*,*,#876,.F.);
#1121=ORIENTED_EDGE('',*,*,#877,.F.);
#1122=ORIENTED_EDGE('',*,*,#878,.F.);
#1123=ORIENTED_EDGE('',*,*,#879,.F.);
#1124=ORIENTED_EDGE('',*,*,#876,.T.);
#1125=ORIENTED_EDGE('',*,*,#880,.T.);
#1126=ORIENTED_EDGE('',*,*,#881,.T.);
#1127=ORIENTED_EDGE('',*,*,#882,.F.);
#1128=ORIENTED_EDGE('',*,*,#872,.T.);
#1129=ORIENTED_EDGE('',*,*,#883,.F.);
#1130=ORIENTED_EDGE('',*,*,#884,.F.);
#1131=ORIENTED_EDGE('',*,*,#885,.T.);
#1132=ORIENTED_EDGE('',*,*,#875,.T.);
#1133=ORIENTED_EDGE('',*,*,#886,.T.);
#1134=ORIENTED_EDGE('',*,*,#887,.T.);
#1135=ORIENTED_EDGE('',*,*,#888,.T.);
#1136=ORIENTED_EDGE('',*,*,#889,.T.);
#1137=ORIENTED_EDGE('',*,*,#890,.T.);
#1138=ORIENTED_EDGE('',*,*,#877,.T.);
#1139=ORIENTED_EDGE('',*,*,#882,.T.);
#1140=ORIENTED_EDGE('',*,*,#891,.T.);
#1141=ORIENTED_EDGE('',*,*,#892,.T.);
#1142=ORIENTED_EDGE('',*,*,#893,.T.);
#1143=ORIENTED_EDGE('',*,*,#883,.T.);
#1144=ORIENTED_EDGE('',*,*,#850,.T.);
#1145=ORIENTED_EDGE('',*,*,#853,.T.);
#1146=ORIENTED_EDGE('',*,*,#856,.T.);
#1147=ORIENTED_EDGE('',*,*,#859,.T.);
#1148=ORIENTED_EDGE('',*,*,#885,.F.);
#1149=ORIENTED_EDGE('',*,*,#894,.F.);
#1150=ORIENTED_EDGE('',*,*,#895,.F.);
#1151=ORIENTED_EDGE('',*,*,#896,.F.);
#1152=ORIENTED_EDGE('',*,*,#880,.F.);
#1153=ORIENTED_EDGE('',*,*,#879,.T.);
#1154=ORIENTED_EDGE('',*,*,#897,.F.);
#1155=ORIENTED_EDGE('',*,*,#873,.F.);
#1156=ORIENTED_EDGE('',*,*,#896,.T.);
#1157=ORIENTED_EDGE('',*,*,#898,.T.);
#1158=ORIENTED_EDGE('',*,*,#891,.F.);
#1159=ORIENTED_EDGE('',*,*,#881,.F.);
#1160=ORIENTED_EDGE('',*,*,#899,.T.);
#1161=ORIENTED_EDGE('',*,*,#900,.T.);
#1162=ORIENTED_EDGE('',*,*,#901,.T.);
#1163=ORIENTED_EDGE('',*,*,#902,.T.);
#1164=ORIENTED_EDGE('',*,*,#860,.T.);
#1165=ORIENTED_EDGE('',*,*,#863,.T.);
#1166=ORIENTED_EDGE('',*,*,#866,.T.);
#1167=ORIENTED_EDGE('',*,*,#869,.T.);
#1168=ORIENTED_EDGE('',*,*,#895,.T.);
#1169=ORIENTED_EDGE('',*,*,#903,.T.);
#1170=ORIENTED_EDGE('',*,*,#892,.F.);
#1171=ORIENTED_EDGE('',*,*,#898,.F.);
#1172=ORIENTED_EDGE('',*,*,#894,.T.);
#1173=ORIENTED_EDGE('',*,*,#884,.T.);
#1174=ORIENTED_EDGE('',*,*,#893,.F.);
#1175=ORIENTED_EDGE('',*,*,#903,.F.);
#1176=ORIENTED_EDGE('',*,*,#878,.T.);
#1177=ORIENTED_EDGE('',*,*,#890,.F.);
#1178=ORIENTED_EDGE('',*,*,#904,.F.);
#1179=ORIENTED_EDGE('',*,*,#900,.F.);
#1180=ORIENTED_EDGE('',*,*,#905,.T.);
#1181=ORIENTED_EDGE('',*,*,#886,.F.);
#1182=ORIENTED_EDGE('',*,*,#874,.T.);
#1183=ORIENTED_EDGE('',*,*,#897,.T.);
#1184=ORIENTED_EDGE('',*,*,#901,.F.);
#1185=ORIENTED_EDGE('',*,*,#904,.T.);
#1186=ORIENTED_EDGE('',*,*,#889,.F.);
#1187=ORIENTED_EDGE('',*,*,#906,.F.);
#1188=ORIENTED_EDGE('',*,*,#902,.F.);
#1189=ORIENTED_EDGE('',*,*,#906,.T.);
#1190=ORIENTED_EDGE('',*,*,#888,.F.);
#1191=ORIENTED_EDGE('',*,*,#907,.F.);
#1192=ORIENTED_EDGE('',*,*,#899,.F.);
#1193=ORIENTED_EDGE('',*,*,#907,.T.);
#1194=ORIENTED_EDGE('',*,*,#887,.F.);
#1195=ORIENTED_EDGE('',*,*,#905,.F.);
#1196=ORIENTED_EDGE('',*,*,#908,.F.);
#1197=ORIENTED_EDGE('',*,*,#909,.T.);
#1198=ORIENTED_EDGE('',*,*,#910,.F.);
#1199=ORIENTED_EDGE('',*,*,#909,.F.);
#1200=ORIENTED_EDGE('',*,*,#911,.F.);
#1201=ORIENTED_EDGE('',*,*,#912,.T.);
#1202=ORIENTED_EDGE('',*,*,#913,.F.);
#1203=ORIENTED_EDGE('',*,*,#912,.F.);
#1204=ORIENTED_EDGE('',*,*,#914,.F.);
#1205=ORIENTED_EDGE('',*,*,#915,.T.);
#1206=ORIENTED_EDGE('',*,*,#916,.F.);
#1207=ORIENTED_EDGE('',*,*,#915,.F.);
#1208=ORIENTED_EDGE('',*,*,#917,.F.);
#1209=ORIENTED_EDGE('',*,*,#918,.T.);
#1210=ORIENTED_EDGE('',*,*,#919,.F.);
#1211=ORIENTED_EDGE('',*,*,#918,.F.);
#1212=ORIENTED_EDGE('',*,*,#920,.F.);
#1213=ORIENTED_EDGE('',*,*,#921,.T.);
#1214=ORIENTED_EDGE('',*,*,#922,.F.);
#1215=ORIENTED_EDGE('',*,*,#923,.F.);
#1216=ORIENTED_EDGE('',*,*,#924,.F.);
#1217=ORIENTED_EDGE('',*,*,#923,.T.);
#1218=ORIENTED_EDGE('',*,*,#925,.F.);
#1219=ORIENTED_EDGE('',*,*,#926,.F.);
#1220=ORIENTED_EDGE('',*,*,#927,.F.);
#1221=ORIENTED_EDGE('',*,*,#926,.T.);
#1222=ORIENTED_EDGE('',*,*,#928,.F.);
#1223=ORIENTED_EDGE('',*,*,#929,.F.);
#1224=ORIENTED_EDGE('',*,*,#930,.F.);
#1225=ORIENTED_EDGE('',*,*,#929,.T.);
#1226=ORIENTED_EDGE('',*,*,#931,.F.);
#1227=ORIENTED_EDGE('',*,*,#932,.F.);
#1228=ORIENTED_EDGE('',*,*,#933,.F.);
#1229=ORIENTED_EDGE('',*,*,#932,.T.);
#1230=ORIENTED_EDGE('',*,*,#934,.F.);
#1231=ORIENTED_EDGE('',*,*,#935,.F.);
#1232=ORIENTED_EDGE('',*,*,#936,.T.);
#1233=ORIENTED_EDGE('',*,*,#935,.T.);
#1234=ORIENTED_EDGE('',*,*,#937,.F.);
#1235=ORIENTED_EDGE('',*,*,#938,.F.);
#1236=ORIENTED_EDGE('',*,*,#939,.F.);
#1237=ORIENTED_EDGE('',*,*,#938,.T.);
#1238=ORIENTED_EDGE('',*,*,#940,.F.);
#1239=ORIENTED_EDGE('',*,*,#941,.F.);
#1240=ORIENTED_EDGE('',*,*,#942,.T.);
#1241=ORIENTED_EDGE('',*,*,#941,.T.);
#1242=ORIENTED_EDGE('',*,*,#943,.F.);
#1243=ORIENTED_EDGE('',*,*,#921,.F.);
#1244=ORIENTED_EDGE('',*,*,#944,.F.);
#1245=ORIENTED_EDGE('',*,*,#945,.T.);
#1246=ORIENTED_EDGE('',*,*,#946,.F.);
#1247=ORIENTED_EDGE('',*,*,#947,.F.);
#1248=ORIENTED_EDGE('',*,*,#948,.F.);
#1249=ORIENTED_EDGE('',*,*,#947,.T.);
#1250=ORIENTED_EDGE('',*,*,#949,.F.);
#1251=ORIENTED_EDGE('',*,*,#950,.F.);
#1252=ORIENTED_EDGE('',*,*,#951,.F.);
#1253=ORIENTED_EDGE('',*,*,#950,.T.);
#1254=ORIENTED_EDGE('',*,*,#952,.F.);
#1255=ORIENTED_EDGE('',*,*,#953,.F.);
#1256=ORIENTED_EDGE('',*,*,#954,.F.);
#1257=ORIENTED_EDGE('',*,*,#953,.T.);
#1258=ORIENTED_EDGE('',*,*,#955,.F.);
#1259=ORIENTED_EDGE('',*,*,#956,.F.);
#1260=ORIENTED_EDGE('',*,*,#957,.F.);
#1261=ORIENTED_EDGE('',*,*,#956,.T.);
#1262=ORIENTED_EDGE('',*,*,#958,.F.);
#1263=ORIENTED_EDGE('',*,*,#959,.F.);
#1264=ORIENTED_EDGE('',*,*,#960,.T.);
#1265=ORIENTED_EDGE('',*,*,#959,.T.);
#1266=ORIENTED_EDGE('',*,*,#961,.F.);
#1267=ORIENTED_EDGE('',*,*,#962,.F.);
#1268=ORIENTED_EDGE('',*,*,#963,.F.);
#1269=ORIENTED_EDGE('',*,*,#962,.T.);
#1270=ORIENTED_EDGE('',*,*,#964,.F.);
#1271=ORIENTED_EDGE('',*,*,#965,.F.);
#1272=ORIENTED_EDGE('',*,*,#966,.T.);
#1273=ORIENTED_EDGE('',*,*,#965,.T.);
#1274=ORIENTED_EDGE('',*,*,#967,.F.);
#1275=ORIENTED_EDGE('',*,*,#945,.F.);
#1276=ORIENTED_EDGE('',*,*,#968,.F.);
#1277=ORIENTED_EDGE('',*,*,#969,.T.);
#1278=ORIENTED_EDGE('',*,*,#970,.F.);
#1279=ORIENTED_EDGE('',*,*,#971,.F.);
#1280=ORIENTED_EDGE('',*,*,#972,.F.);
#1281=ORIENTED_EDGE('',*,*,#971,.T.);
#1282=ORIENTED_EDGE('',*,*,#973,.F.);
#1283=ORIENTED_EDGE('',*,*,#974,.F.);
#1284=ORIENTED_EDGE('',*,*,#975,.F.);
#1285=ORIENTED_EDGE('',*,*,#974,.T.);
#1286=ORIENTED_EDGE('',*,*,#976,.F.);
#1287=ORIENTED_EDGE('',*,*,#977,.F.);
#1288=ORIENTED_EDGE('',*,*,#978,.F.);
#1289=ORIENTED_EDGE('',*,*,#977,.T.);
#1290=ORIENTED_EDGE('',*,*,#979,.F.);
#1291=ORIENTED_EDGE('',*,*,#980,.F.);
#1292=ORIENTED_EDGE('',*,*,#981,.F.);
#1293=ORIENTED_EDGE('',*,*,#980,.T.);
#1294=ORIENTED_EDGE('',*,*,#982,.F.);
#1295=ORIENTED_EDGE('',*,*,#983,.F.);
#1296=ORIENTED_EDGE('',*,*,#984,.T.);
#1297=ORIENTED_EDGE('',*,*,#983,.T.);
#1298=ORIENTED_EDGE('',*,*,#985,.F.);
#1299=ORIENTED_EDGE('',*,*,#986,.F.);
#1300=ORIENTED_EDGE('',*,*,#987,.F.);
#1301=ORIENTED_EDGE('',*,*,#986,.T.);
#1302=ORIENTED_EDGE('',*,*,#988,.F.);
#1303=ORIENTED_EDGE('',*,*,#989,.F.);
#1304=ORIENTED_EDGE('',*,*,#990,.T.);
#1305=ORIENTED_EDGE('',*,*,#989,.T.);
#1306=ORIENTED_EDGE('',*,*,#991,.F.);
#1307=ORIENTED_EDGE('',*,*,#969,.F.);
#1308=ORIENTED_EDGE('',*,*,#992,.F.);
#1309=ORIENTED_EDGE('',*,*,#993,.T.);
#1310=ORIENTED_EDGE('',*,*,#994,.F.);
#1311=ORIENTED_EDGE('',*,*,#995,.F.);
#1312=ORIENTED_EDGE('',*,*,#996,.F.);
#1313=ORIENTED_EDGE('',*,*,#995,.T.);
#1314=ORIENTED_EDGE('',*,*,#997,.F.);
#1315=ORIENTED_EDGE('',*,*,#998,.F.);
#1316=ORIENTED_EDGE('',*,*,#999,.F.);
#1317=ORIENTED_EDGE('',*,*,#998,.T.);
#1318=ORIENTED_EDGE('',*,*,#1000,.F.);
#1319=ORIENTED_EDGE('',*,*,#1001,.F.);
#1320=ORIENTED_EDGE('',*,*,#1002,.F.);
#1321=ORIENTED_EDGE('',*,*,#1001,.T.);
#1322=ORIENTED_EDGE('',*,*,#1003,.F.);
#1323=ORIENTED_EDGE('',*,*,#1004,.F.);
#1324=ORIENTED_EDGE('',*,*,#1005,.F.);
#1325=ORIENTED_EDGE('',*,*,#1004,.T.);
#1326=ORIENTED_EDGE('',*,*,#1006,.F.);
#1327=ORIENTED_EDGE('',*,*,#1007,.F.);
#1328=ORIENTED_EDGE('',*,*,#1008,.T.);
#1329=ORIENTED_EDGE('',*,*,#1007,.T.);
#1330=ORIENTED_EDGE('',*,*,#1009,.F.);
#1331=ORIENTED_EDGE('',*,*,#1010,.F.);
#1332=ORIENTED_EDGE('',*,*,#1011,.F.);
#1333=ORIENTED_EDGE('',*,*,#1010,.T.);
#1334=ORIENTED_EDGE('',*,*,#1012,.F.);
#1335=ORIENTED_EDGE('',*,*,#1013,.F.);
#1336=ORIENTED_EDGE('',*,*,#1014,.T.);
#1337=ORIENTED_EDGE('',*,*,#1013,.T.);
#1338=ORIENTED_EDGE('',*,*,#1015,.F.);
#1339=ORIENTED_EDGE('',*,*,#993,.F.);
#1340=ORIENTED_EDGE('',*,*,#1016,.F.);
#1341=ORIENTED_EDGE('',*,*,#1017,.T.);
#1342=ORIENTED_EDGE('',*,*,#1018,.F.);
#1343=ORIENTED_EDGE('',*,*,#1019,.F.);
#1344=ORIENTED_EDGE('',*,*,#1020,.F.);
#1345=ORIENTED_EDGE('',*,*,#1019,.T.);
#1346=ORIENTED_EDGE('',*,*,#1021,.F.);
#1347=ORIENTED_EDGE('',*,*,#1022,.F.);
#1348=ORIENTED_EDGE('',*,*,#1023,.F.);
#1349=ORIENTED_EDGE('',*,*,#1022,.T.);
#1350=ORIENTED_EDGE('',*,*,#1024,.F.);
#1351=ORIENTED_EDGE('',*,*,#1025,.F.);
#1352=ORIENTED_EDGE('',*,*,#1026,.F.);
#1353=ORIENTED_EDGE('',*,*,#1025,.T.);
#1354=ORIENTED_EDGE('',*,*,#1027,.F.);
#1355=ORIENTED_EDGE('',*,*,#1028,.F.);
#1356=ORIENTED_EDGE('',*,*,#1029,.F.);
#1357=ORIENTED_EDGE('',*,*,#1028,.T.);
#1358=ORIENTED_EDGE('',*,*,#1030,.F.);
#1359=ORIENTED_EDGE('',*,*,#1031,.F.);
#1360=ORIENTED_EDGE('',*,*,#1032,.T.);
#1361=ORIENTED_EDGE('',*,*,#1031,.T.);
#1362=ORIENTED_EDGE('',*,*,#1033,.F.);
#1363=ORIENTED_EDGE('',*,*,#1034,.F.);
#1364=ORIENTED_EDGE('',*,*,#1035,.F.);
#1365=ORIENTED_EDGE('',*,*,#1034,.T.);
#1366=ORIENTED_EDGE('',*,*,#1036,.F.);
#1367=ORIENTED_EDGE('',*,*,#1037,.F.);
#1368=ORIENTED_EDGE('',*,*,#1038,.T.);
#1369=ORIENTED_EDGE('',*,*,#1037,.T.);
#1370=ORIENTED_EDGE('',*,*,#1039,.F.);
#1371=ORIENTED_EDGE('',*,*,#1017,.F.);
#1372=ORIENTED_EDGE('',*,*,#1040,.F.);
#1373=ORIENTED_EDGE('',*,*,#1041,.T.);
#1374=ORIENTED_EDGE('',*,*,#1042,.F.);
#1375=ORIENTED_EDGE('',*,*,#1043,.F.);
#1376=ORIENTED_EDGE('',*,*,#1044,.F.);
#1377=ORIENTED_EDGE('',*,*,#1043,.T.);
#1378=ORIENTED_EDGE('',*,*,#1045,.F.);
#1379=ORIENTED_EDGE('',*,*,#1046,.F.);
#1380=ORIENTED_EDGE('',*,*,#1047,.F.);
#1381=ORIENTED_EDGE('',*,*,#1046,.T.);
#1382=ORIENTED_EDGE('',*,*,#1048,.F.);
#1383=ORIENTED_EDGE('',*,*,#1049,.F.);
#1384=ORIENTED_EDGE('',*,*,#1050,.F.);
#1385=ORIENTED_EDGE('',*,*,#1049,.T.);
#1386=ORIENTED_EDGE('',*,*,#1051,.F.);
#1387=ORIENTED_EDGE('',*,*,#1052,.F.);
#1388=ORIENTED_EDGE('',*,*,#1053,.F.);
#1389=ORIENTED_EDGE('',*,*,#1052,.T.);
#1390=ORIENTED_EDGE('',*,*,#1054,.F.);
#1391=ORIENTED_EDGE('',*,*,#1055,.F.);
#1392=ORIENTED_EDGE('',*,*,#1056,.T.);
#1393=ORIENTED_EDGE('',*,*,#1055,.T.);
#1394=ORIENTED_EDGE('',*,*,#1057,.F.);
#1395=ORIENTED_EDGE('',*,*,#1058,.F.);
#1396=ORIENTED_EDGE('',*,*,#1059,.F.);
#1397=ORIENTED_EDGE('',*,*,#1058,.T.);
#1398=ORIENTED_EDGE('',*,*,#1060,.F.);
#1399=ORIENTED_EDGE('',*,*,#1061,.F.);
#1400=ORIENTED_EDGE('',*,*,#1062,.T.);
#1401=ORIENTED_EDGE('',*,*,#1061,.T.);
#1402=ORIENTED_EDGE('',*,*,#1063,.F.);
#1403=ORIENTED_EDGE('',*,*,#1041,.F.);
#1404=ORIENTED_EDGE('',*,*,#1064,.F.);
#1405=ORIENTED_EDGE('',*,*,#1065,.T.);
#1406=ORIENTED_EDGE('',*,*,#1066,.F.);
#1407=ORIENTED_EDGE('',*,*,#1067,.F.);
#1408=ORIENTED_EDGE('',*,*,#1068,.F.);
#1409=ORIENTED_EDGE('',*,*,#1067,.T.);
#1410=ORIENTED_EDGE('',*,*,#1069,.F.);
#1411=ORIENTED_EDGE('',*,*,#1070,.F.);
#1412=ORIENTED_EDGE('',*,*,#1071,.F.);
#1413=ORIENTED_EDGE('',*,*,#1070,.T.);
#1414=ORIENTED_EDGE('',*,*,#1072,.F.);
#1415=ORIENTED_EDGE('',*,*,#1073,.F.);
#1416=ORIENTED_EDGE('',*,*,#1074,.F.);
#1417=ORIENTED_EDGE('',*,*,#1073,.T.);
#1418=ORIENTED_EDGE('',*,*,#1075,.F.);
#1419=ORIENTED_EDGE('',*,*,#1065,.F.);
#1420=ORIENTED_EDGE('',*,*,#1075,.T.);
#1421=ORIENTED_EDGE('',*,*,#1072,.T.);
#1422=ORIENTED_EDGE('',*,*,#1069,.T.);
#1423=ORIENTED_EDGE('',*,*,#1066,.T.);
#1424=ORIENTED_EDGE('',*,*,#911,.T.);
#1425=ORIENTED_EDGE('',*,*,#943,.T.);
#1426=ORIENTED_EDGE('',*,*,#940,.T.);
#1427=ORIENTED_EDGE('',*,*,#937,.T.);
#1428=ORIENTED_EDGE('',*,*,#934,.T.);
#1429=ORIENTED_EDGE('',*,*,#931,.T.);
#1430=ORIENTED_EDGE('',*,*,#928,.T.);
#1431=ORIENTED_EDGE('',*,*,#925,.T.);
#1432=ORIENTED_EDGE('',*,*,#922,.T.);
#1433=ORIENTED_EDGE('',*,*,#967,.T.);
#1434=ORIENTED_EDGE('',*,*,#964,.T.);
#1435=ORIENTED_EDGE('',*,*,#961,.T.);
#1436=ORIENTED_EDGE('',*,*,#958,.T.);
#1437=ORIENTED_EDGE('',*,*,#955,.T.);
#1438=ORIENTED_EDGE('',*,*,#952,.T.);
#1439=ORIENTED_EDGE('',*,*,#949,.T.);
#1440=ORIENTED_EDGE('',*,*,#946,.T.);
#1441=ORIENTED_EDGE('',*,*,#991,.T.);
#1442=ORIENTED_EDGE('',*,*,#988,.T.);
#1443=ORIENTED_EDGE('',*,*,#985,.T.);
#1444=ORIENTED_EDGE('',*,*,#982,.T.);
#1445=ORIENTED_EDGE('',*,*,#979,.T.);
#1446=ORIENTED_EDGE('',*,*,#976,.T.);
#1447=ORIENTED_EDGE('',*,*,#973,.T.);
#1448=ORIENTED_EDGE('',*,*,#970,.T.);
#1449=ORIENTED_EDGE('',*,*,#1015,.T.);
#1450=ORIENTED_EDGE('',*,*,#1012,.T.);
#1451=ORIENTED_EDGE('',*,*,#1009,.T.);
#1452=ORIENTED_EDGE('',*,*,#1006,.T.);
#1453=ORIENTED_EDGE('',*,*,#1003,.T.);
#1454=ORIENTED_EDGE('',*,*,#1000,.T.);
#1455=ORIENTED_EDGE('',*,*,#997,.T.);
#1456=ORIENTED_EDGE('',*,*,#994,.T.);
#1457=ORIENTED_EDGE('',*,*,#1039,.T.);
#1458=ORIENTED_EDGE('',*,*,#1036,.T.);
#1459=ORIENTED_EDGE('',*,*,#1033,.T.);
#1460=ORIENTED_EDGE('',*,*,#1030,.T.);
#1461=ORIENTED_EDGE('',*,*,#1027,.T.);
#1462=ORIENTED_EDGE('',*,*,#1024,.T.);
#1463=ORIENTED_EDGE('',*,*,#1021,.T.);
#1464=ORIENTED_EDGE('',*,*,#1018,.T.);
#1465=ORIENTED_EDGE('',*,*,#1063,.T.);
#1466=ORIENTED_EDGE('',*,*,#1060,.T.);
#1467=ORIENTED_EDGE('',*,*,#1057,.T.);
#1468=ORIENTED_EDGE('',*,*,#1054,.T.);
#1469=ORIENTED_EDGE('',*,*,#1051,.T.);
#1470=ORIENTED_EDGE('',*,*,#1048,.T.);
#1471=ORIENTED_EDGE('',*,*,#1045,.T.);
#1472=ORIENTED_EDGE('',*,*,#1042,.T.);
#1473=ORIENTED_EDGE('',*,*,#917,.T.);
#1474=ORIENTED_EDGE('',*,*,#914,.T.);
#1475=ORIENTED_EDGE('',*,*,#908,.T.);
#1476=ORIENTED_EDGE('',*,*,#1074,.T.);
#1477=ORIENTED_EDGE('',*,*,#1064,.T.);
#1478=ORIENTED_EDGE('',*,*,#1068,.T.);
#1479=ORIENTED_EDGE('',*,*,#1071,.T.);
#1480=ORIENTED_EDGE('',*,*,#913,.T.);
#1481=ORIENTED_EDGE('',*,*,#942,.F.);
#1482=ORIENTED_EDGE('',*,*,#920,.T.);
#1483=ORIENTED_EDGE('',*,*,#924,.T.);
#1484=ORIENTED_EDGE('',*,*,#927,.T.);
#1485=ORIENTED_EDGE('',*,*,#930,.T.);
#1486=ORIENTED_EDGE('',*,*,#933,.T.);
#1487=ORIENTED_EDGE('',*,*,#936,.F.);
#1488=ORIENTED_EDGE('',*,*,#939,.T.);
#1489=ORIENTED_EDGE('',*,*,#966,.F.);
#1490=ORIENTED_EDGE('',*,*,#944,.T.);
#1491=ORIENTED_EDGE('',*,*,#948,.T.);
#1492=ORIENTED_EDGE('',*,*,#951,.T.);
#1493=ORIENTED_EDGE('',*,*,#954,.T.);
#1494=ORIENTED_EDGE('',*,*,#957,.T.);
#1495=ORIENTED_EDGE('',*,*,#960,.F.);
#1496=ORIENTED_EDGE('',*,*,#963,.T.);
#1497=ORIENTED_EDGE('',*,*,#990,.F.);
#1498=ORIENTED_EDGE('',*,*,#968,.T.);
#1499=ORIENTED_EDGE('',*,*,#972,.T.);
#1500=ORIENTED_EDGE('',*,*,#975,.T.);
#1501=ORIENTED_EDGE('',*,*,#978,.T.);
#1502=ORIENTED_EDGE('',*,*,#981,.T.);
#1503=ORIENTED_EDGE('',*,*,#984,.F.);
#1504=ORIENTED_EDGE('',*,*,#987,.T.);
#1505=ORIENTED_EDGE('',*,*,#1014,.F.);
#1506=ORIENTED_EDGE('',*,*,#992,.T.);
#1507=ORIENTED_EDGE('',*,*,#996,.T.);
#1508=ORIENTED_EDGE('',*,*,#999,.T.);
#1509=ORIENTED_EDGE('',*,*,#1002,.T.);
#1510=ORIENTED_EDGE('',*,*,#1005,.T.);
#1511=ORIENTED_EDGE('',*,*,#1008,.F.);
#1512=ORIENTED_EDGE('',*,*,#1011,.T.);
#1513=ORIENTED_EDGE('',*,*,#1038,.F.);
#1514=ORIENTED_EDGE('',*,*,#1016,.T.);
#1515=ORIENTED_EDGE('',*,*,#1020,.T.);
#1516=ORIENTED_EDGE('',*,*,#1023,.T.);
#1517=ORIENTED_EDGE('',*,*,#1026,.T.);
#1518=ORIENTED_EDGE('',*,*,#1029,.T.);
#1519=ORIENTED_EDGE('',*,*,#1032,.F.);
#1520=ORIENTED_EDGE('',*,*,#1035,.T.);
#1521=ORIENTED_EDGE('',*,*,#1062,.F.);
#1522=ORIENTED_EDGE('',*,*,#1040,.T.);
#1523=ORIENTED_EDGE('',*,*,#1044,.T.);
#1524=ORIENTED_EDGE('',*,*,#1047,.T.);
#1525=ORIENTED_EDGE('',*,*,#1050,.T.);
#1526=ORIENTED_EDGE('',*,*,#1053,.T.);
#1527=ORIENTED_EDGE('',*,*,#1056,.F.);
#1528=ORIENTED_EDGE('',*,*,#1059,.T.);
#1529=ORIENTED_EDGE('',*,*,#919,.T.);
#1530=ORIENTED_EDGE('',*,*,#916,.T.);
#1531=ORIENTED_EDGE('',*,*,#910,.T.);
#1532=CYLINDRICAL_SURFACE('',#1679,1.7);
#1533=CYLINDRICAL_SURFACE('',#1682,1.7);
#1534=CYLINDRICAL_SURFACE('',#1685,1.7);
#1535=CYLINDRICAL_SURFACE('',#1688,1.7);
#1536=CYLINDRICAL_SURFACE('',#1691,2.35000000000001);
#1537=CYLINDRICAL_SURFACE('',#1695,2.35);
#1538=CYLINDRICAL_SURFACE('',#1699,2.35);
#1539=CYLINDRICAL_SURFACE('',#1703,2.34999999999999);
#1540=CYLINDRICAL_SURFACE('',#1722,1.7);
#1541=CYLINDRICAL_SURFACE('',#1725,1.7);
#1542=CYLINDRICAL_SURFACE('',#1728,1.7);
#1543=CYLINDRICAL_SURFACE('',#1731,1.7);
#1544=CYLINDRICAL_SURFACE('',#1734,0.499999999999998);
#1545=CYLINDRICAL_SURFACE('',#1738,0.499999999999998);
#1546=CYLINDRICAL_SURFACE('',#1742,0.500000000000003);
#1547=CYLINDRICAL_SURFACE('',#1746,0.499999999999998);
#1548=CYLINDRICAL_SURFACE('',#1750,0.499999999999998);
#1549=CYLINDRICAL_SURFACE('',#1754,0.499999999999998);
#1550=CYLINDRICAL_SURFACE('',#1758,0.500000000000003);
#1551=CYLINDRICAL_SURFACE('',#1762,0.500000000000003);
#1552=CYLINDRICAL_SURFACE('',#1766,0.499999999999998);
#1553=CYLINDRICAL_SURFACE('',#1770,0.5);
#1554=CYLINDRICAL_SURFACE('',#1774,0.500000000000003);
#1555=CYLINDRICAL_SURFACE('',#1778,0.499999999999998);
#1556=CYLINDRICAL_SURFACE('',#1782,0.5);
#1557=CYLINDRICAL_SURFACE('',#1786,0.499999999999998);
#1558=CYLINDRICAL_SURFACE('',#1790,0.499999999999998);
#1559=CYLINDRICAL_SURFACE('',#1794,0.499999999999998);
#1560=CYLINDRICAL_SURFACE('',#1798,0.5);
#1561=CYLINDRICAL_SURFACE('',#1802,0.499999999999998);
#1562=CYLINDRICAL_SURFACE('',#1806,0.499999999999998);
#1563=CYLINDRICAL_SURFACE('',#1810,0.500000000000003);
#1564=CYLINDRICAL_SURFACE('',#1814,0.5);
#1565=CYLINDRICAL_SURFACE('',#1818,0.5);
#1566=CYLINDRICAL_SURFACE('',#1822,0.499999999999998);
#1567=CYLINDRICAL_SURFACE('',#1826,0.499999999999998);
#1568=ADVANCED_FACE('',(#112),#1532,.F.);
#1569=ADVANCED_FACE('',(#113),#1533,.F.);
#1570=ADVANCED_FACE('',(#114),#1534,.F.);
#1571=ADVANCED_FACE('',(#115),#1535,.F.);
#1572=ADVANCED_FACE('',(#116),#1536,.F.);
#1573=ADVANCED_FACE('',(#117,#32),#64,.T.);
#1574=ADVANCED_FACE('',(#118),#1537,.F.);
#1575=ADVANCED_FACE('',(#119,#33),#65,.T.);
#1576=ADVANCED_FACE('',(#120),#1538,.F.);
#1577=ADVANCED_FACE('',(#121,#34),#66,.T.);
#1578=ADVANCED_FACE('',(#122),#1539,.F.);
#1579=ADVANCED_FACE('',(#123,#35),#67,.T.);
#1580=ADVANCED_FACE('',(#124),#68,.T.);
#1581=ADVANCED_FACE('',(#125),#69,.T.);
#1582=ADVANCED_FACE('',(#126),#70,.T.);
#1583=ADVANCED_FACE('',(#127),#71,.T.);
#1584=ADVANCED_FACE('',(#128,#36,#37,#38,#39),#72,.T.);
#1585=ADVANCED_FACE('',(#129),#73,.F.);
#1586=ADVANCED_FACE('',(#130),#74,.T.);
#1587=ADVANCED_FACE('',(#131,#40,#41,#42,#43),#75,.F.);
#1588=ADVANCED_FACE('',(#132),#76,.T.);
#1589=ADVANCED_FACE('',(#133),#77,.T.);
#1590=ADVANCED_FACE('',(#134),#78,.T.);
#1591=ADVANCED_FACE('',(#135),#79,.T.);
#1592=ADVANCED_FACE('',(#136),#80,.T.);
#1593=ADVANCED_FACE('',(#137),#81,.T.);
#1594=ADVANCED_FACE('',(#138),#1540,.F.);
#1595=ADVANCED_FACE('',(#139),#1541,.F.);
#1596=ADVANCED_FACE('',(#140),#1542,.F.);
#1597=ADVANCED_FACE('',(#141),#1543,.F.);
#1598=ADVANCED_FACE('',(#142),#1544,.F.);
#1599=ADVANCED_FACE('',(#143),#82,.T.);
#1600=ADVANCED_FACE('',(#144),#1545,.F.);
#1601=ADVANCED_FACE('',(#145),#83,.T.);
#1602=ADVANCED_FACE('',(#146),#1546,.F.);
#1603=ADVANCED_FACE('',(#147),#84,.T.);
#1604=ADVANCED_FACE('',(#148),#1547,.F.);
#1605=ADVANCED_FACE('',(#149),#85,.T.);
#1606=ADVANCED_FACE('',(#150),#1548,.F.);
#1607=ADVANCED_FACE('',(#151),#86,.T.);
#1608=ADVANCED_FACE('',(#152),#1549,.F.);
#1609=ADVANCED_FACE('',(#153),#87,.T.);
#1610=ADVANCED_FACE('',(#154),#1550,.F.);
#1611=ADVANCED_FACE('',(#155),#88,.T.);
#1612=ADVANCED_FACE('',(#156),#1551,.F.);
#1613=ADVANCED_FACE('',(#157),#89,.T.);
#1614=ADVANCED_FACE('',(#158),#1552,.F.);
#1615=ADVANCED_FACE('',(#159),#90,.T.);
#1616=ADVANCED_FACE('',(#160),#1553,.F.);
#1617=ADVANCED_FACE('',(#161),#91,.T.);
#1618=ADVANCED_FACE('',(#162),#1554,.F.);
#1619=ADVANCED_FACE('',(#163),#92,.T.);
#1620=ADVANCED_FACE('',(#164),#1555,.F.);
#1621=ADVANCED_FACE('',(#165),#93,.T.);
#1622=ADVANCED_FACE('',(#166),#1556,.F.);
#1623=ADVANCED_FACE('',(#167),#94,.T.);
#1624=ADVANCED_FACE('',(#168),#1557,.F.);
#1625=ADVANCED_FACE('',(#169),#95,.T.);
#1626=ADVANCED_FACE('',(#170),#1558,.F.);
#1627=ADVANCED_FACE('',(#171),#96,.T.);
#1628=ADVANCED_FACE('',(#172),#1559,.F.);
#1629=ADVANCED_FACE('',(#173),#97,.T.);
#1630=ADVANCED_FACE('',(#174),#1560,.F.);
#1631=ADVANCED_FACE('',(#175),#98,.T.);
#1632=ADVANCED_FACE('',(#176),#1561,.F.);
#1633=ADVANCED_FACE('',(#177),#99,.T.);
#1634=ADVANCED_FACE('',(#178),#1562,.F.);
#1635=ADVANCED_FACE('',(#179),#100,.T.);
#1636=ADVANCED_FACE('',(#180),#1563,.F.);
#1637=ADVANCED_FACE('',(#181),#101,.T.);
#1638=ADVANCED_FACE('',(#182),#1564,.F.);
#1639=ADVANCED_FACE('',(#183),#102,.T.);
#1640=ADVANCED_FACE('',(#184),#1565,.F.);
#1641=ADVANCED_FACE('',(#185),#103,.T.);
#1642=ADVANCED_FACE('',(#186),#1566,.F.);
#1643=ADVANCED_FACE('',(#187),#104,.T.);
#1644=ADVANCED_FACE('',(#188),#1567,.F.);
#1645=ADVANCED_FACE('',(#189),#105,.T.);
#1646=ADVANCED_FACE('',(#190),#106,.T.);
#1647=ADVANCED_FACE('',(#191),#107,.T.);
#1648=ADVANCED_FACE('',(#192),#108,.T.);
#1649=ADVANCED_FACE('',(#193),#109,.T.);
#1650=ADVANCED_FACE('',(#194,#44,#45,#46,#47,#48,#49,#50,#51,#52,#53),#110,
 .T.);
#1651=ADVANCED_FACE('',(#195,#54,#55,#56,#57,#58,#59,#60,#61,#62,#63),#111,
 .F.);
#1652=CLOSED_SHELL('',(#1568,#1569,#1570,#1571,#1572,#1573,#1574,#1575,
#1576,#1577,#1578,#1579,#1580,#1581,#1582,#1583,#1584,#1585,#1586,#1587,
#1588,#1589,#1590,#1591,#1592,#1593));
#1653=CLOSED_SHELL('',(#1594,#1595,#1596,#1597,#1598,#1599,#1600,#1601,
#1602,#1603,#1604,#1605,#1606,#1607,#1608,#1609,#1610,#1611,#1612,#1613,
#1614,#1615,#1616,#1617,#1618,#1619,#1620,#1621,#1622,#1623,#1624,#1625,
#1626,#1627,#1628,#1629,#1630,#1631,#1632,#1633,#1634,#1635,#1636,#1637,
#1638,#1639,#1640,#1641,#1642,#1643,#1644,#1645,#1646,#1647,#1648,#1649,
#1650,#1651));
#1654=DERIVED_UNIT_ELEMENT(#1658,1.);
#1655=DERIVED_UNIT_ELEMENT(#2798,-3.);
#1656=DERIVED_UNIT_ELEMENT(#1658,1.);
#1657=DERIVED_UNIT_ELEMENT(#2798,-3.);
#1658=(
MASS_UNIT()
NAMED_UNIT(*)
SI_UNIT(.KILO.,.GRAM.)
);
#1659=DERIVED_UNIT((#1654,#1655));
#1660=DERIVED_UNIT((#1656,#1657));
#1661=MEASURE_REPRESENTATION_ITEM('density measure',
POSITIVE_RATIO_MEASURE(7850.),#1659);
#1662=MEASURE_REPRESENTATION_ITEM('density measure',
POSITIVE_RATIO_MEASURE(7850.),#1660);
#1663=PROPERTY_DEFINITION_REPRESENTATION(#1673,#1667);
#1664=PROPERTY_DEFINITION_REPRESENTATION(#1674,#1668);
#1665=PROPERTY_DEFINITION_REPRESENTATION(#1675,#1669);
#1666=PROPERTY_DEFINITION_REPRESENTATION(#1676,#1670);
#1667=REPRESENTATION('material name',(#1671),#2794);
#1668=REPRESENTATION('density',(#1661),#2794);
#1669=REPRESENTATION('material name',(#1672),#2795);
#1670=REPRESENTATION('density',(#1662),#2795);
#1671=DESCRIPTIVE_REPRESENTATION_ITEM('Steel','Steel');
#1672=DESCRIPTIVE_REPRESENTATION_ITEM('Steel','Steel');
#1673=PROPERTY_DEFINITION('material property','material name',#2814);
#1674=PROPERTY_DEFINITION('material property','density of part',#2814);
#1675=PROPERTY_DEFINITION('material property','material name',#2815);
#1676=PROPERTY_DEFINITION('material property','density of part',#2815);
#1677=AXIS2_PLACEMENT_3D('',#2319,#1839,#1840);
#1678=AXIS2_PLACEMENT_3D('',#2320,#1841,#1842);
#1679=AXIS2_PLACEMENT_3D('',#2321,#1843,#1844);
#1680=AXIS2_PLACEMENT_3D('',#2323,#1845,#1846);
#1681=AXIS2_PLACEMENT_3D('',#2326,#1848,#1849);
#1682=AXIS2_PLACEMENT_3D('',#2327,#1850,#1851);
#1683=AXIS2_PLACEMENT_3D('',#2329,#1852,#1853);
#1684=AXIS2_PLACEMENT_3D('',#2332,#1855,#1856);
#1685=AXIS2_PLACEMENT_3D('',#2333,#1857,#1858);
#1686=AXIS2_PLACEMENT_3D('',#2335,#1859,#1860);
#1687=AXIS2_PLACEMENT_3D('',#2338,#1862,#1863);
#1688=AXIS2_PLACEMENT_3D('',#2339,#1864,#1865);
#1689=AXIS2_PLACEMENT_3D('',#2341,#1866,#1867);
#1690=AXIS2_PLACEMENT_3D('',#2344,#1869,#1870);
#1691=AXIS2_PLACEMENT_3D('',#2345,#1871,#1872);
#1692=AXIS2_PLACEMENT_3D('',#2347,#1873,#1874);
#1693=AXIS2_PLACEMENT_3D('',#2350,#1876,#1877);
#1694=AXIS2_PLACEMENT_3D('',#2351,#1878,#1879);
#1695=AXIS2_PLACEMENT_3D('',#2352,#1880,#1881);
#1696=AXIS2_PLACEMENT_3D('',#2354,#1882,#1883);
#1697=AXIS2_PLACEMENT_3D('',#2357,#1885,#1886);
#1698=AXIS2_PLACEMENT_3D('',#2358,#1887,#1888);
#1699=AXIS2_PLACEMENT_3D('',#2359,#1889,#1890);
#1700=AXIS2_PLACEMENT_3D('',#2361,#1891,#1892);
#1701=AXIS2_PLACEMENT_3D('',#2364,#1894,#1895);
#1702=AXIS2_PLACEMENT_3D('',#2365,#1896,#1897);
#1703=AXIS2_PLACEMENT_3D('',#2366,#1898,#1899);
#1704=AXIS2_PLACEMENT_3D('',#2368,#1900,#1901);
#1705=AXIS2_PLACEMENT_3D('',#2371,#1903,#1904);
#1706=AXIS2_PLACEMENT_3D('',#2372,#1905,#1906);
#1707=AXIS2_PLACEMENT_3D('',#2373,#1907,#1908);
#1708=AXIS2_PLACEMENT_3D('',#2382,#1913,#1914);
#1709=AXIS2_PLACEMENT_3D('',#2391,#1919,#1920);
#1710=AXIS2_PLACEMENT_3D('',#2397,#1924,#1925);
#1711=AXIS2_PLACEMENT_3D('',#2403,#1929,#1930);
#1712=AXIS2_PLACEMENT_3D('',#2418,#1939,#1940);
#1713=AXIS2_PLACEMENT_3D('',#2425,#1945,#1946);
#1714=AXIS2_PLACEMENT_3D('',#2427,#1948,#1949);
#1715=AXIS2_PLACEMENT_3D('',#2436,#1954,#1955);
#1716=AXIS2_PLACEMENT_3D('',#2438,#1957,#1958);
#1717=AXIS2_PLACEMENT_3D('',#2439,#1959,#1960);
#1718=AXIS2_PLACEMENT_3D('',#2442,#1963,#1964);
#1719=AXIS2_PLACEMENT_3D('',#2444,#1966,#1967);
#1720=AXIS2_PLACEMENT_3D('',#2446,#1969,#1970);
#1721=AXIS2_PLACEMENT_3D('',#2447,#1971,#1972);
#1722=AXIS2_PLACEMENT_3D('',#2448,#1973,#1974);
#1723=AXIS2_PLACEMENT_3D('',#2450,#1975,#1976);
#1724=AXIS2_PLACEMENT_3D('',#2453,#1978,#1979);
#1725=AXIS2_PLACEMENT_3D('',#2454,#1980,#1981);
#1726=AXIS2_PLACEMENT_3D('',#2456,#1982,#1983);
#1727=AXIS2_PLACEMENT_3D('',#2459,#1985,#1986);
#1728=AXIS2_PLACEMENT_3D('',#2460,#1987,#1988);
#1729=AXIS2_PLACEMENT_3D('',#2462,#1989,#1990);
#1730=AXIS2_PLACEMENT_3D('',#2465,#1992,#1993);
#1731=AXIS2_PLACEMENT_3D('',#2466,#1994,#1995);
#1732=AXIS2_PLACEMENT_3D('',#2468,#1996,#1997);
#1733=AXIS2_PLACEMENT_3D('',#2471,#1999,#2000);
#1734=AXIS2_PLACEMENT_3D('',#2472,#2001,#2002);
#1735=AXIS2_PLACEMENT_3D('',#2475,#2003,#2004);
#1736=AXIS2_PLACEMENT_3D('',#2479,#2006,#2007);
#1737=AXIS2_PLACEMENT_3D('',#2481,#2009,#2010);
#1738=AXIS2_PLACEMENT_3D('',#2487,#2014,#2015);
#1739=AXIS2_PLACEMENT_3D('',#2489,#2016,#2017);
#1740=AXIS2_PLACEMENT_3D('',#2491,#2018,#2019);
#1741=AXIS2_PLACEMENT_3D('',#2493,#2021,#2022);
#1742=AXIS2_PLACEMENT_3D('',#2499,#2026,#2027);
#1743=AXIS2_PLACEMENT_3D('',#2501,#2028,#2029);
#1744=AXIS2_PLACEMENT_3D('',#2503,#2030,#2031);
#1745=AXIS2_PLACEMENT_3D('',#2505,#2033,#2034);
#1746=AXIS2_PLACEMENT_3D('',#2511,#2038,#2039);
#1747=AXIS2_PLACEMENT_3D('',#2513,#2040,#2041);
#1748=AXIS2_PLACEMENT_3D('',#2515,#2042,#2043);
#1749=AXIS2_PLACEMENT_3D('',#2517,#2045,#2046);
#1750=AXIS2_PLACEMENT_3D('',#2520,#2049,#2050);
#1751=AXIS2_PLACEMENT_3D('',#2523,#2051,#2052);
#1752=AXIS2_PLACEMENT_3D('',#2527,#2054,#2055);
#1753=AXIS2_PLACEMENT_3D('',#2529,#2057,#2058);
#1754=AXIS2_PLACEMENT_3D('',#2535,#2062,#2063);
#1755=AXIS2_PLACEMENT_3D('',#2537,#2064,#2065);
#1756=AXIS2_PLACEMENT_3D('',#2539,#2066,#2067);
#1757=AXIS2_PLACEMENT_3D('',#2541,#2069,#2070);
#1758=AXIS2_PLACEMENT_3D('',#2547,#2074,#2075);
#1759=AXIS2_PLACEMENT_3D('',#2549,#2076,#2077);
#1760=AXIS2_PLACEMENT_3D('',#2551,#2078,#2079);
#1761=AXIS2_PLACEMENT_3D('',#2553,#2081,#2082);
#1762=AXIS2_PLACEMENT_3D('',#2559,#2086,#2087);
#1763=AXIS2_PLACEMENT_3D('',#2561,#2088,#2089);
#1764=AXIS2_PLACEMENT_3D('',#2563,#2090,#2091);
#1765=AXIS2_PLACEMENT_3D('',#2565,#2093,#2094);
#1766=AXIS2_PLACEMENT_3D('',#2568,#2097,#2098);
#1767=AXIS2_PLACEMENT_3D('',#2571,#2099,#2100);
#1768=AXIS2_PLACEMENT_3D('',#2575,#2102,#2103);
#1769=AXIS2_PLACEMENT_3D('',#2577,#2105,#2106);
#1770=AXIS2_PLACEMENT_3D('',#2583,#2110,#2111);
#1771=AXIS2_PLACEMENT_3D('',#2585,#2112,#2113);
#1772=AXIS2_PLACEMENT_3D('',#2587,#2114,#2115);
#1773=AXIS2_PLACEMENT_3D('',#2589,#2117,#2118);
#1774=AXIS2_PLACEMENT_3D('',#2595,#2122,#2123);
#1775=AXIS2_PLACEMENT_3D('',#2597,#2124,#2125);
#1776=AXIS2_PLACEMENT_3D('',#2599,#2126,#2127);
#1777=AXIS2_PLACEMENT_3D('',#2601,#2129,#2130);
#1778=AXIS2_PLACEMENT_3D('',#2607,#2134,#2135);
#1779=AXIS2_PLACEMENT_3D('',#2609,#2136,#2137);
#1780=AXIS2_PLACEMENT_3D('',#2611,#2138,#2139);
#1781=AXIS2_PLACEMENT_3D('',#2613,#2141,#2142);
#1782=AXIS2_PLACEMENT_3D('',#2616,#2145,#2146);
#1783=AXIS2_PLACEMENT_3D('',#2619,#2147,#2148);
#1784=AXIS2_PLACEMENT_3D('',#2623,#2150,#2151);
#1785=AXIS2_PLACEMENT_3D('',#2625,#2153,#2154);
#1786=AXIS2_PLACEMENT_3D('',#2631,#2158,#2159);
#1787=AXIS2_PLACEMENT_3D('',#2633,#2160,#2161);
#1788=AXIS2_PLACEMENT_3D('',#2635,#2162,#2163);
#1789=AXIS2_PLACEMENT_3D('',#2637,#2165,#2166);
#1790=AXIS2_PLACEMENT_3D('',#2643,#2170,#2171);
#1791=AXIS2_PLACEMENT_3D('',#2645,#2172,#2173);
#1792=AXIS2_PLACEMENT_3D('',#2647,#2174,#2175);
#1793=AXIS2_PLACEMENT_3D('',#2649,#2177,#2178);
#1794=AXIS2_PLACEMENT_3D('',#2655,#2182,#2183);
#1795=AXIS2_PLACEMENT_3D('',#2657,#2184,#2185);
#1796=AXIS2_PLACEMENT_3D('',#2659,#2186,#2187);
#1797=AXIS2_PLACEMENT_3D('',#2661,#2189,#2190);
#1798=AXIS2_PLACEMENT_3D('',#2664,#2193,#2194);
#1799=AXIS2_PLACEMENT_3D('',#2667,#2195,#2196);
#1800=AXIS2_PLACEMENT_3D('',#2671,#2198,#2199);
#1801=AXIS2_PLACEMENT_3D('',#2673,#2201,#2202);
#1802=AXIS2_PLACEMENT_3D('',#2679,#2206,#2207);
#1803=AXIS2_PLACEMENT_3D('',#2681,#2208,#2209);
#1804=AXIS2_PLACEMENT_3D('',#2683,#2210,#2211);
#1805=AXIS2_PLACEMENT_3D('',#2685,#2213,#2214);
#1806=AXIS2_PLACEMENT_3D('',#2691,#2218,#2219);
#1807=AXIS2_PLACEMENT_3D('',#2693,#2220,#2221);
#1808=AXIS2_PLACEMENT_3D('',#2695,#2222,#2223);
#1809=AXIS2_PLACEMENT_3D('',#2697,#2225,#2226);
#1810=AXIS2_PLACEMENT_3D('',#2703,#2230,#2231);
#1811=AXIS2_PLACEMENT_3D('',#2705,#2232,#2233);
#1812=AXIS2_PLACEMENT_3D('',#2707,#2234,#2235);
#1813=AXIS2_PLACEMENT_3D('',#2709,#2237,#2238);
#1814=AXIS2_PLACEMENT_3D('',#2712,#2241,#2242);
#1815=AXIS2_PLACEMENT_3D('',#2715,#2243,#2244);
#1816=AXIS2_PLACEMENT_3D('',#2719,#2246,#2247);
#1817=AXIS2_PLACEMENT_3D('',#2721,#2249,#2250);
#1818=AXIS2_PLACEMENT_3D('',#2727,#2254,#2255);
#1819=AXIS2_PLACEMENT_3D('',#2729,#2256,#2257);
#1820=AXIS2_PLACEMENT_3D('',#2731,#2258,#2259);
#1821=AXIS2_PLACEMENT_3D('',#2733,#2261,#2262);
#1822=AXIS2_PLACEMENT_3D('',#2739,#2266,#2267);
#1823=AXIS2_PLACEMENT_3D('',#2741,#2268,#2269);
#1824=AXIS2_PLACEMENT_3D('',#2743,#2270,#2271);
#1825=AXIS2_PLACEMENT_3D('',#2745,#2273,#2274);
#1826=AXIS2_PLACEMENT_3D('',#2751,#2278,#2279);
#1827=AXIS2_PLACEMENT_3D('',#2753,#2280,#2281);
#1828=AXIS2_PLACEMENT_3D('',#2755,#2282,#2283);
#1829=AXIS2_PLACEMENT_3D('',#2757,#2285,#2286);
#1830=AXIS2_PLACEMENT_3D('',#2760,#2289,#2290);
#1831=AXIS2_PLACEMENT_3D('',#2769,#2295,#2296);
#1832=AXIS2_PLACEMENT_3D('',#2775,#2300,#2301);
#1833=AXIS2_PLACEMENT_3D('',#2781,#2305,#2306);
#1834=AXIS2_PLACEMENT_3D('',#2784,#2309,#2310);
#1835=AXIS2_PLACEMENT_3D('',#2785,#2311,#2312);
#1836=AXIS2_PLACEMENT_3D('',#2786,#2313,#2314);
#1837=AXIS2_PLACEMENT_3D('',#2787,#2315,#2316);
#1838=AXIS2_PLACEMENT_3D('',#2788,#2317,#2318);
#1839=DIRECTION('axis',(0.,0.,1.));
#1840=DIRECTION('refdir',(1.,0.,0.));
#1841=DIRECTION('axis',(0.,0.,1.));
#1842=DIRECTION('refdir',(1.,0.,0.));
#1843=DIRECTION('center_axis',(0.,0.,1.));
#1844=DIRECTION('ref_axis',(1.,0.,0.));
#1845=DIRECTION('center_axis',(0.,0.,1.));
#1846=DIRECTION('ref_axis',(1.,0.,0.));
#1847=DIRECTION('',(0.,0.,1.));
#1848=DIRECTION('center_axis',(0.,0.,-1.));
#1849=DIRECTION('ref_axis',(1.,0.,0.));
#1850=DIRECTION('center_axis',(0.,0.,1.));
#1851=DIRECTION('ref_axis',(1.,0.,0.));
#1852=DIRECTION('center_axis',(0.,0.,1.));
#1853=DIRECTION('ref_axis',(1.,0.,0.));
#1854=DIRECTION('',(0.,0.,1.));
#1855=DIRECTION('center_axis',(0.,0.,-1.));
#1856=DIRECTION('ref_axis',(1.,0.,0.));
#1857=DIRECTION('center_axis',(0.,0.,1.));
#1858=DIRECTION('ref_axis',(1.,0.,0.));
#1859=DIRECTION('center_axis',(0.,0.,1.));
#1860=DIRECTION('ref_axis',(1.,0.,0.));
#1861=DIRECTION('',(0.,0.,1.));
#1862=DIRECTION('center_axis',(0.,0.,-1.));
#1863=DIRECTION('ref_axis',(1.,0.,0.));
#1864=DIRECTION('center_axis',(0.,0.,1.));
#1865=DIRECTION('ref_axis',(1.,0.,0.));
#1866=DIRECTION('center_axis',(0.,0.,1.));
#1867=DIRECTION('ref_axis',(1.,0.,0.));
#1868=DIRECTION('',(0.,0.,1.));
#1869=DIRECTION('center_axis',(0.,0.,-1.));
#1870=DIRECTION('ref_axis',(1.,0.,0.));
#1871=DIRECTION('center_axis',(0.,0.,1.));
#1872=DIRECTION('ref_axis',(1.,0.,0.));
#1873=DIRECTION('center_axis',(0.,0.,1.));
#1874=DIRECTION('ref_axis',(1.,0.,0.));
#1875=DIRECTION('',(0.,0.,1.));
#1876=DIRECTION('center_axis',(0.,0.,1.));
#1877=DIRECTION('ref_axis',(1.,0.,0.));
#1878=DIRECTION('center_axis',(0.,0.,-1.));
#1879=DIRECTION('ref_axis',(1.,0.,0.));
#1880=DIRECTION('center_axis',(0.,0.,1.));
#1881=DIRECTION('ref_axis',(1.,0.,0.));
#1882=DIRECTION('center_axis',(0.,0.,1.));
#1883=DIRECTION('ref_axis',(1.,0.,0.));
#1884=DIRECTION('',(0.,0.,1.));
#1885=DIRECTION('center_axis',(0.,0.,1.));
#1886=DIRECTION('ref_axis',(1.,0.,0.));
#1887=DIRECTION('center_axis',(0.,0.,-1.));
#1888=DIRECTION('ref_axis',(1.,0.,0.));
#1889=DIRECTION('center_axis',(0.,0.,1.));
#1890=DIRECTION('ref_axis',(1.,0.,0.));
#1891=DIRECTION('center_axis',(0.,0.,1.));
#1892=DIRECTION('ref_axis',(1.,0.,0.));
#1893=DIRECTION('',(0.,0.,1.));
#1894=DIRECTION('center_axis',(0.,0.,1.));
#1895=DIRECTION('ref_axis',(1.,0.,0.));
#1896=DIRECTION('center_axis',(0.,0.,-1.));
#1897=DIRECTION('ref_axis',(1.,0.,0.));
#1898=DIRECTION('center_axis',(0.,0.,1.));
#1899=DIRECTION('ref_axis',(1.,0.,0.));
#1900=DIRECTION('center_axis',(0.,0.,1.));
#1901=DIRECTION('ref_axis',(1.,0.,0.));
#1902=DIRECTION('',(0.,0.,1.));
#1903=DIRECTION('center_axis',(0.,0.,1.));
#1904=DIRECTION('ref_axis',(1.,0.,0.));
#1905=DIRECTION('center_axis',(0.,0.,-1.));
#1906=DIRECTION('ref_axis',(1.,0.,0.));
#1907=DIRECTION('center_axis',(0.,1.,0.));
#1908=DIRECTION('ref_axis',(1.,0.,0.));
#1909=DIRECTION('',(0.,0.,1.));
#1910=DIRECTION('',(-1.,0.,0.));
#1911=DIRECTION('',(0.,0.,-1.));
#1912=DIRECTION('',(-1.,0.,0.));
#1913=DIRECTION('center_axis',(0.,-1.,0.));
#1914=DIRECTION('ref_axis',(-1.,0.,0.));
#1915=DIRECTION('',(0.,0.,-1.));
#1916=DIRECTION('',(1.,0.,0.));
#1917=DIRECTION('',(0.,0.,1.));
#1918=DIRECTION('',(-1.,0.,0.));
#1919=DIRECTION('center_axis',(1.,0.,0.));
#1920=DIRECTION('ref_axis',(0.,1.,0.));
#1921=DIRECTION('',(0.,1.,0.));
#1922=DIRECTION('',(0.,0.,1.));
#1923=DIRECTION('',(0.,1.,0.));
#1924=DIRECTION('center_axis',(1.,0.,0.));
#1925=DIRECTION('ref_axis',(0.,1.,0.));
#1926=DIRECTION('',(0.,1.,0.));
#1927=DIRECTION('',(0.,0.,1.));
#1928=DIRECTION('',(0.,1.,0.));
#1929=DIRECTION('center_axis',(0.,0.,1.));
#1930=DIRECTION('ref_axis',(1.,0.,0.));
#1931=DIRECTION('',(0.,-1.,0.));
#1932=DIRECTION('',(1.,0.,0.));
#1933=DIRECTION('',(0.,1.,0.));
#1934=DIRECTION('',(-1.,0.,0.));
#1935=DIRECTION('',(0.,-1.,0.));
#1936=DIRECTION('',(1.,0.,0.));
#1937=DIRECTION('',(0.,-1.,0.));
#1938=DIRECTION('',(-1.,0.,0.));
#1939=DIRECTION('center_axis',(0.,0.,-1.));
#1940=DIRECTION('ref_axis',(0.,-1.,0.));
#1941=DIRECTION('',(-1.,0.,0.));
#1942=DIRECTION('',(0.,-1.,0.));
#1943=DIRECTION('',(1.,0.,0.));
#1944=DIRECTION('',(0.,1.,0.));
#1945=DIRECTION('center_axis',(0.,-1.,0.));
#1946=DIRECTION('ref_axis',(1.,0.,0.));
#1947=DIRECTION('',(0.,0.,1.));
#1948=DIRECTION('center_axis',(0.,0.,1.));
#1949=DIRECTION('ref_axis',(1.,0.,0.));
#1950=DIRECTION('',(-1.,0.,0.));
#1951=DIRECTION('',(0.,1.,0.));
#1952=DIRECTION('',(1.,0.,0.));
#1953=DIRECTION('',(0.,-1.,0.));
#1954=DIRECTION('center_axis',(-1.,0.,0.));
#1955=DIRECTION('ref_axis',(0.,-1.,0.));
#1956=DIRECTION('',(0.,0.,1.));
#1957=DIRECTION('center_axis',(0.,1.,0.));
#1958=DIRECTION('ref_axis',(-1.,0.,0.));
#1959=DIRECTION('center_axis',(-1.,0.,0.));
#1960=DIRECTION('ref_axis',(0.,-1.,0.));
#1961=DIRECTION('',(0.,0.,1.));
#1962=DIRECTION('',(0.,0.,1.));
#1963=DIRECTION('center_axis',(0.,1.,0.));
#1964=DIRECTION('ref_axis',(-1.,0.,0.));
#1965=DIRECTION('',(0.,0.,1.));
#1966=DIRECTION('center_axis',(1.,0.,0.));
#1967=DIRECTION('ref_axis',(0.,1.,0.));
#1968=DIRECTION('',(0.,0.,1.));
#1969=DIRECTION('center_axis',(0.,-1.,0.));
#1970=DIRECTION('ref_axis',(1.,0.,0.));
#1971=DIRECTION('axis',(0.,0.,1.));
#1972=DIRECTION('refdir',(1.,0.,0.));
#1973=DIRECTION('center_axis',(0.,0.,-1.));
#1974=DIRECTION('ref_axis',(1.,0.,0.));
#1975=DIRECTION('center_axis',(0.,0.,-1.));
#1976=DIRECTION('ref_axis',(1.,0.,0.));
#1977=DIRECTION('',(0.,0.,-1.));
#1978=DIRECTION('center_axis',(0.,0.,1.));
#1979=DIRECTION('ref_axis',(1.,0.,0.));
#1980=DIRECTION('center_axis',(0.,0.,-1.));
#1981=DIRECTION('ref_axis',(1.,0.,0.));
#1982=DIRECTION('center_axis',(0.,0.,-1.));
#1983=DIRECTION('ref_axis',(1.,0.,0.));
#1984=DIRECTION('',(0.,0.,-1.));
#1985=DIRECTION('center_axis',(0.,0.,1.));
#1986=DIRECTION('ref_axis',(1.,0.,0.));
#1987=DIRECTION('center_axis',(0.,0.,-1.));
#1988=DIRECTION('ref_axis',(1.,0.,0.));
#1989=DIRECTION('center_axis',(0.,0.,-1.));
#1990=DIRECTION('ref_axis',(1.,0.,0.));
#1991=DIRECTION('',(0.,0.,-1.));
#1992=DIRECTION('center_axis',(0.,0.,1.));
#1993=DIRECTION('ref_axis',(1.,0.,0.));
#1994=DIRECTION('center_axis',(0.,0.,-1.));
#1995=DIRECTION('ref_axis',(1.,0.,0.));
#1996=DIRECTION('center_axis',(0.,0.,-1.));
#1997=DIRECTION('ref_axis',(1.,0.,0.));
#1998=DIRECTION('',(0.,0.,-1.));
#1999=DIRECTION('center_axis',(0.,0.,1.));
#2000=DIRECTION('ref_axis',(1.,0.,0.));
#2001=DIRECTION('center_axis',(0.,0.,1.));
#2002=DIRECTION('ref_axis',(0.,1.,0.));
#2003=DIRECTION('center_axis',(0.,0.,1.));
#2004=DIRECTION('ref_axis',(0.,1.,0.));
#2005=DIRECTION('',(0.,0.,1.));
#2006=DIRECTION('center_axis',(0.,0.,-1.));
#2007=DIRECTION('ref_axis',(0.,1.,0.));
#2008=DIRECTION('',(0.,0.,1.));
#2009=DIRECTION('center_axis',(1.,0.,0.));
#2010=DIRECTION('ref_axis',(0.,1.,0.));
#2011=DIRECTION('',(0.,-1.,0.));
#2012=DIRECTION('',(0.,1.,0.));
#2013=DIRECTION('',(0.,0.,1.));
#2014=DIRECTION('center_axis',(0.,0.,1.));
#2015=DIRECTION('ref_axis',(-1.,0.,0.));
#2016=DIRECTION('center_axis',(0.,0.,1.));
#2017=DIRECTION('ref_axis',(-1.,0.,0.));
#2018=DIRECTION('center_axis',(0.,0.,-1.));
#2019=DIRECTION('ref_axis',(-1.,0.,0.));
#2020=DIRECTION('',(0.,0.,1.));
#2021=DIRECTION('center_axis',(0.,1.,0.));
#2022=DIRECTION('ref_axis',(-1.,0.,0.));
#2023=DIRECTION('',(1.,0.,0.));
#2024=DIRECTION('',(-1.,0.,0.));
#2025=DIRECTION('',(0.,0.,1.));
#2026=DIRECTION('center_axis',(0.,0.,1.));
#2027=DIRECTION('ref_axis',(0.,-1.,0.));
#2028=DIRECTION('center_axis',(0.,0.,1.));
#2029=DIRECTION('ref_axis',(0.,-1.,0.));
#2030=DIRECTION('center_axis',(0.,0.,-1.));
#2031=DIRECTION('ref_axis',(0.,-1.,0.));
#2032=DIRECTION('',(0.,0.,1.));
#2033=DIRECTION('center_axis',(-1.,0.,0.));
#2034=DIRECTION('ref_axis',(0.,-1.,0.));
#2035=DIRECTION('',(0.,-1.,0.));
#2036=DIRECTION('',(0.,-1.,0.));
#2037=DIRECTION('',(0.,0.,1.));
#2038=DIRECTION('center_axis',(0.,0.,1.));
#2039=DIRECTION('ref_axis',(1.,0.,0.));
#2040=DIRECTION('center_axis',(0.,0.,1.));
#2041=DIRECTION('ref_axis',(1.,0.,0.));
#2042=DIRECTION('center_axis',(0.,0.,-1.));
#2043=DIRECTION('ref_axis',(1.,0.,0.));
#2044=DIRECTION('',(0.,0.,1.));
#2045=DIRECTION('center_axis',(0.,-1.,0.));
#2046=DIRECTION('ref_axis',(1.,0.,0.));
#2047=DIRECTION('',(1.,0.,0.));
#2048=DIRECTION('',(1.,0.,0.));
#2049=DIRECTION('center_axis',(0.,0.,1.));
#2050=DIRECTION('ref_axis',(0.,1.,0.));
#2051=DIRECTION('center_axis',(0.,0.,1.));
#2052=DIRECTION('ref_axis',(0.,1.,0.));
#2053=DIRECTION('',(0.,0.,1.));
#2054=DIRECTION('center_axis',(0.,0.,-1.));
#2055=DIRECTION('ref_axis',(0.,1.,0.));
#2056=DIRECTION('',(0.,0.,1.));
#2057=DIRECTION('center_axis',(1.,0.,0.));
#2058=DIRECTION('ref_axis',(0.,1.,0.));
#2059=DIRECTION('',(0.,-1.,0.));
#2060=DIRECTION('',(0.,1.,0.));
#2061=DIRECTION('',(0.,0.,1.));
#2062=DIRECTION('center_axis',(0.,0.,1.));
#2063=DIRECTION('ref_axis',(-1.,0.,0.));
#2064=DIRECTION('center_axis',(0.,0.,1.));
#2065=DIRECTION('ref_axis',(-1.,0.,0.));
#2066=DIRECTION('center_axis',(0.,0.,-1.));
#2067=DIRECTION('ref_axis',(-1.,0.,0.));
#2068=DIRECTION('',(0.,0.,1.));
#2069=DIRECTION('center_axis',(0.,1.,0.));
#2070=DIRECTION('ref_axis',(-1.,0.,0.));
#2071=DIRECTION('',(1.,0.,0.));
#2072=DIRECTION('',(-1.,0.,0.));
#2073=DIRECTION('',(0.,0.,1.));
#2074=DIRECTION('center_axis',(0.,0.,1.));
#2075=DIRECTION('ref_axis',(0.,-1.,0.));
#2076=DIRECTION('center_axis',(0.,0.,1.));
#2077=DIRECTION('ref_axis',(0.,-1.,0.));
#2078=DIRECTION('center_axis',(0.,0.,-1.));
#2079=DIRECTION('ref_axis',(0.,-1.,0.));
#2080=DIRECTION('',(0.,0.,1.));
#2081=DIRECTION('center_axis',(-1.,0.,0.));
#2082=DIRECTION('ref_axis',(0.,-1.,0.));
#2083=DIRECTION('',(0.,-1.,0.));
#2084=DIRECTION('',(0.,-1.,0.));
#2085=DIRECTION('',(0.,0.,1.));
#2086=DIRECTION('center_axis',(0.,0.,1.));
#2087=DIRECTION('ref_axis',(1.,0.,0.));
#2088=DIRECTION('center_axis',(0.,0.,1.));
#2089=DIRECTION('ref_axis',(1.,0.,0.));
#2090=DIRECTION('center_axis',(0.,0.,-1.));
#2091=DIRECTION('ref_axis',(1.,0.,0.));
#2092=DIRECTION('',(0.,0.,1.));
#2093=DIRECTION('center_axis',(0.,-1.,0.));
#2094=DIRECTION('ref_axis',(1.,0.,0.));
#2095=DIRECTION('',(1.,0.,0.));
#2096=DIRECTION('',(1.,0.,0.));
#2097=DIRECTION('center_axis',(0.,0.,1.));
#2098=DIRECTION('ref_axis',(0.,1.,0.));
#2099=DIRECTION('center_axis',(0.,0.,1.));
#2100=DIRECTION('ref_axis',(0.,1.,0.));
#2101=DIRECTION('',(0.,0.,1.));
#2102=DIRECTION('center_axis',(0.,0.,-1.));
#2103=DIRECTION('ref_axis',(0.,1.,0.));
#2104=DIRECTION('',(0.,0.,1.));
#2105=DIRECTION('center_axis',(1.,0.,0.));
#2106=DIRECTION('ref_axis',(0.,1.,0.));
#2107=DIRECTION('',(0.,-1.,0.));
#2108=DIRECTION('',(0.,1.,0.));
#2109=DIRECTION('',(0.,0.,1.));
#2110=DIRECTION('center_axis',(0.,0.,1.));
#2111=DIRECTION('ref_axis',(-1.,0.,0.));
#2112=DIRECTION('center_axis',(0.,0.,1.));
#2113=DIRECTION('ref_axis',(-1.,0.,0.));
#2114=DIRECTION('center_axis',(0.,0.,-1.));
#2115=DIRECTION('ref_axis',(-1.,0.,0.));
#2116=DIRECTION('',(0.,0.,1.));
#2117=DIRECTION('center_axis',(0.,1.,0.));
#2118=DIRECTION('ref_axis',(-1.,0.,0.));
#2119=DIRECTION('',(1.,0.,0.));
#2120=DIRECTION('',(-1.,0.,0.));
#2121=DIRECTION('',(0.,0.,1.));
#2122=DIRECTION('center_axis',(0.,0.,1.));
#2123=DIRECTION('ref_axis',(0.,-1.,0.));
#2124=DIRECTION('center_axis',(0.,0.,1.));
#2125=DIRECTION('ref_axis',(0.,-1.,0.));
#2126=DIRECTION('center_axis',(0.,0.,-1.));
#2127=DIRECTION('ref_axis',(0.,-1.,0.));
#2128=DIRECTION('',(0.,0.,1.));
#2129=DIRECTION('center_axis',(-1.,0.,0.));
#2130=DIRECTION('ref_axis',(0.,-1.,0.));
#2131=DIRECTION('',(0.,-1.,0.));
#2132=DIRECTION('',(0.,-1.,0.));
#2133=DIRECTION('',(0.,0.,1.));
#2134=DIRECTION('center_axis',(0.,0.,1.));
#2135=DIRECTION('ref_axis',(1.,0.,0.));
#2136=DIRECTION('center_axis',(0.,0.,1.));
#2137=DIRECTION('ref_axis',(1.,0.,0.));
#2138=DIRECTION('center_axis',(0.,0.,-1.));
#2139=DIRECTION('ref_axis',(1.,0.,0.));
#2140=DIRECTION('',(0.,0.,1.));
#2141=DIRECTION('center_axis',(0.,-1.,0.));
#2142=DIRECTION('ref_axis',(1.,0.,0.));
#2143=DIRECTION('',(1.,0.,0.));
#2144=DIRECTION('',(1.,0.,0.));
#2145=DIRECTION('center_axis',(0.,0.,1.));
#2146=DIRECTION('ref_axis',(0.,1.,0.));
#2147=DIRECTION('center_axis',(0.,0.,1.));
#2148=DIRECTION('ref_axis',(0.,1.,0.));
#2149=DIRECTION('',(0.,0.,1.));
#2150=DIRECTION('center_axis',(0.,0.,-1.));
#2151=DIRECTION('ref_axis',(0.,1.,0.));
#2152=DIRECTION('',(0.,0.,1.));
#2153=DIRECTION('center_axis',(1.,0.,0.));
#2154=DIRECTION('ref_axis',(0.,1.,0.));
#2155=DIRECTION('',(0.,-1.,0.));
#2156=DIRECTION('',(0.,1.,0.));
#2157=DIRECTION('',(0.,0.,1.));
#2158=DIRECTION('center_axis',(0.,0.,1.));
#2159=DIRECTION('ref_axis',(-1.,0.,0.));
#2160=DIRECTION('center_axis',(0.,0.,1.));
#2161=DIRECTION('ref_axis',(-1.,0.,0.));
#2162=DIRECTION('center_axis',(0.,0.,-1.));
#2163=DIRECTION('ref_axis',(-1.,0.,0.));
#2164=DIRECTION('',(0.,0.,1.));
#2165=DIRECTION('center_axis',(0.,1.,0.));
#2166=DIRECTION('ref_axis',(-1.,0.,0.));
#2167=DIRECTION('',(1.,0.,0.));
#2168=DIRECTION('',(-1.,0.,0.));
#2169=DIRECTION('',(0.,0.,1.));
#2170=DIRECTION('center_axis',(0.,0.,1.));
#2171=DIRECTION('ref_axis',(0.,-1.,0.));
#2172=DIRECTION('center_axis',(0.,0.,1.));
#2173=DIRECTION('ref_axis',(0.,-1.,0.));
#2174=DIRECTION('center_axis',(0.,0.,-1.));
#2175=DIRECTION('ref_axis',(0.,-1.,0.));
#2176=DIRECTION('',(0.,0.,1.));
#2177=DIRECTION('center_axis',(-1.,0.,0.));
#2178=DIRECTION('ref_axis',(0.,-1.,0.));
#2179=DIRECTION('',(0.,-1.,0.));
#2180=DIRECTION('',(0.,-1.,0.));
#2181=DIRECTION('',(0.,0.,1.));
#2182=DIRECTION('center_axis',(0.,0.,1.));
#2183=DIRECTION('ref_axis',(1.,0.,0.));
#2184=DIRECTION('center_axis',(0.,0.,1.));
#2185=DIRECTION('ref_axis',(1.,0.,0.));
#2186=DIRECTION('center_axis',(0.,0.,-1.));
#2187=DIRECTION('ref_axis',(1.,0.,0.));
#2188=DIRECTION('',(0.,0.,1.));
#2189=DIRECTION('center_axis',(0.,-1.,0.));
#2190=DIRECTION('ref_axis',(1.,0.,0.));
#2191=DIRECTION('',(1.,0.,0.));
#2192=DIRECTION('',(1.,0.,0.));
#2193=DIRECTION('center_axis',(0.,0.,1.));
#2194=DIRECTION('ref_axis',(0.,1.,0.));
#2195=DIRECTION('center_axis',(0.,0.,1.));
#2196=DIRECTION('ref_axis',(0.,1.,0.));
#2197=DIRECTION('',(0.,0.,1.));
#2198=DIRECTION('center_axis',(0.,0.,-1.));
#2199=DIRECTION('ref_axis',(0.,1.,0.));
#2200=DIRECTION('',(0.,0.,1.));
#2201=DIRECTION('center_axis',(1.,0.,0.));
#2202=DIRECTION('ref_axis',(0.,1.,0.));
#2203=DIRECTION('',(0.,-1.,0.));
#2204=DIRECTION('',(0.,1.,0.));
#2205=DIRECTION('',(0.,0.,1.));
#2206=DIRECTION('center_axis',(0.,0.,1.));
#2207=DIRECTION('ref_axis',(-1.,0.,0.));
#2208=DIRECTION('center_axis',(0.,0.,1.));
#2209=DIRECTION('ref_axis',(-1.,0.,0.));
#2210=DIRECTION('center_axis',(0.,0.,-1.));
#2211=DIRECTION('ref_axis',(-1.,0.,0.));
#2212=DIRECTION('',(0.,0.,1.));
#2213=DIRECTION('center_axis',(0.,1.,0.));
#2214=DIRECTION('ref_axis',(-1.,0.,0.));
#2215=DIRECTION('',(1.,0.,0.));
#2216=DIRECTION('',(-1.,0.,0.));
#2217=DIRECTION('',(0.,0.,1.));
#2218=DIRECTION('center_axis',(0.,0.,1.));
#2219=DIRECTION('ref_axis',(0.,-1.,0.));
#2220=DIRECTION('center_axis',(0.,0.,1.));
#2221=DIRECTION('ref_axis',(0.,-1.,0.));
#2222=DIRECTION('center_axis',(0.,0.,-1.));
#2223=DIRECTION('ref_axis',(0.,-1.,0.));
#2224=DIRECTION('',(0.,0.,1.));
#2225=DIRECTION('center_axis',(-1.,0.,0.));
#2226=DIRECTION('ref_axis',(0.,-1.,0.));
#2227=DIRECTION('',(0.,-1.,0.));
#2228=DIRECTION('',(0.,-1.,0.));
#2229=DIRECTION('',(0.,0.,1.));
#2230=DIRECTION('center_axis',(0.,0.,1.));
#2231=DIRECTION('ref_axis',(1.,0.,0.));
#2232=DIRECTION('center_axis',(0.,0.,1.));
#2233=DIRECTION('ref_axis',(1.,0.,0.));
#2234=DIRECTION('center_axis',(0.,0.,-1.));
#2235=DIRECTION('ref_axis',(1.,0.,0.));
#2236=DIRECTION('',(0.,0.,1.));
#2237=DIRECTION('center_axis',(0.,-1.,0.));
#2238=DIRECTION('ref_axis',(1.,0.,0.));
#2239=DIRECTION('',(1.,0.,0.));
#2240=DIRECTION('',(1.,0.,0.));
#2241=DIRECTION('center_axis',(0.,0.,1.));
#2242=DIRECTION('ref_axis',(0.,1.,0.));
#2243=DIRECTION('center_axis',(0.,0.,1.));
#2244=DIRECTION('ref_axis',(0.,1.,0.));
#2245=DIRECTION('',(0.,0.,1.));
#2246=DIRECTION('center_axis',(0.,0.,-1.));
#2247=DIRECTION('ref_axis',(0.,1.,0.));
#2248=DIRECTION('',(0.,0.,1.));
#2249=DIRECTION('center_axis',(1.,0.,0.));
#2250=DIRECTION('ref_axis',(0.,1.,0.));
#2251=DIRECTION('',(0.,-1.,0.));
#2252=DIRECTION('',(0.,1.,0.));
#2253=DIRECTION('',(0.,0.,1.));
#2254=DIRECTION('center_axis',(0.,0.,1.));
#2255=DIRECTION('ref_axis',(-1.,0.,0.));
#2256=DIRECTION('center_axis',(0.,0.,1.));
#2257=DIRECTION('ref_axis',(-1.,0.,0.));
#2258=DIRECTION('center_axis',(0.,0.,-1.));
#2259=DIRECTION('ref_axis',(-1.,0.,0.));
#2260=DIRECTION('',(0.,0.,1.));
#2261=DIRECTION('center_axis',(0.,1.,0.));
#2262=DIRECTION('ref_axis',(-1.,0.,0.));
#2263=DIRECTION('',(1.,0.,0.));
#2264=DIRECTION('',(-1.,0.,0.));
#2265=DIRECTION('',(0.,0.,1.));
#2266=DIRECTION('center_axis',(0.,0.,1.));
#2267=DIRECTION('ref_axis',(0.,-1.,0.));
#2268=DIRECTION('center_axis',(0.,0.,1.));
#2269=DIRECTION('ref_axis',(0.,-1.,0.));
#2270=DIRECTION('center_axis',(0.,0.,-1.));
#2271=DIRECTION('ref_axis',(0.,-1.,0.));
#2272=DIRECTION('',(0.,0.,1.));
#2273=DIRECTION('center_axis',(-1.,0.,0.));
#2274=DIRECTION('ref_axis',(0.,-1.,0.));
#2275=DIRECTION('',(0.,-1.,0.));
#2276=DIRECTION('',(0.,-1.,0.));
#2277=DIRECTION('',(0.,0.,1.));
#2278=DIRECTION('center_axis',(0.,0.,1.));
#2279=DIRECTION('ref_axis',(1.,0.,0.));
#2280=DIRECTION('center_axis',(0.,0.,1.));
#2281=DIRECTION('ref_axis',(1.,0.,0.));
#2282=DIRECTION('center_axis',(0.,0.,-1.));
#2283=DIRECTION('ref_axis',(1.,0.,0.));
#2284=DIRECTION('',(0.,0.,1.));
#2285=DIRECTION('center_axis',(0.,-1.,0.));
#2286=DIRECTION('ref_axis',(1.,0.,0.));
#2287=DIRECTION('',(1.,0.,0.));
#2288=DIRECTION('',(1.,0.,0.));
#2289=DIRECTION('center_axis',(-1.,0.,0.));
#2290=DIRECTION('ref_axis',(0.,-1.,0.));
#2291=DIRECTION('',(0.,1.,0.));
#2292=DIRECTION('',(0.,0.,1.));
#2293=DIRECTION('',(0.,-1.,0.));
#2294=DIRECTION('',(0.,0.,1.));
#2295=DIRECTION('center_axis',(0.,1.,0.));
#2296=DIRECTION('ref_axis',(-1.,0.,0.));
#2297=DIRECTION('',(1.,0.,0.));
#2298=DIRECTION('',(-1.,0.,0.));
#2299=DIRECTION('',(0.,0.,1.));
#2300=DIRECTION('center_axis',(1.,0.,0.));
#2301=DIRECTION('ref_axis',(0.,1.,0.));
#2302=DIRECTION('',(0.,-1.,0.));
#2303=DIRECTION('',(0.,1.,0.));
#2304=DIRECTION('',(0.,0.,1.));
#2305=DIRECTION('center_axis',(0.,-1.,0.));
#2306=DIRECTION('ref_axis',(1.,0.,0.));
#2307=DIRECTION('',(-1.,0.,0.));
#2308=DIRECTION('',(1.,0.,0.));
#2309=DIRECTION('center_axis',(0.,0.,1.));
#2310=DIRECTION('ref_axis',(1.,0.,0.));
#2311=DIRECTION('center_axis',(0.,0.,1.));
#2312=DIRECTION('ref_axis',(1.,0.,0.));
#2313=DIRECTION('',(0.,0.,1.));
#2314=DIRECTION('',(1.,0.,0.));
#2315=DIRECTION('',(5.55111512312578E-17,-4.16333634234434E-17,1.));
#2316=DIRECTION('',(1.,0.,-5.55111512312578E-17));
#2317=DIRECTION('center_axis',(0.,0.,1.));
#2318=DIRECTION('ref_axis',(1.,0.,0.));
#2319=CARTESIAN_POINT('',(0.,0.,0.));
#2320=CARTESIAN_POINT('',(0.,0.,0.));
#2321=CARTESIAN_POINT('Origin',(-21.1000013411045,-16.3999992549419,4.));
#2322=CARTESIAN_POINT('',(-22.8000013411045,-16.3999992549419,4.));
#2323=CARTESIAN_POINT('Origin',(-21.1000013411045,-16.3999992549419,4.));
#2324=CARTESIAN_POINT('',(-22.8000013411045,-16.3999992549419,13.));
#2325=CARTESIAN_POINT('',(-22.8000013411045,-16.3999992549419,4.));
#2326=CARTESIAN_POINT('Origin',(-21.1000013411045,-16.3999992549419,13.));
#2327=CARTESIAN_POINT('Origin',(-90.,-16.3999992549419,4.));
#2328=CARTESIAN_POINT('',(-91.7,-16.3999992549419,4.));
#2329=CARTESIAN_POINT('Origin',(-90.,-16.3999992549419,4.));
#2330=CARTESIAN_POINT('',(-91.7,-16.3999992549419,13.));
#2331=CARTESIAN_POINT('',(-91.7,-16.3999992549419,4.));
#2332=CARTESIAN_POINT('Origin',(-90.,-16.3999992549419,13.));
#2333=CARTESIAN_POINT('Origin',(-21.1000013411045,50.0000007450581,4.));
#2334=CARTESIAN_POINT('',(-22.8000013411045,50.0000007450581,4.));
#2335=CARTESIAN_POINT('Origin',(-21.1000013411045,50.0000007450581,4.));
#2336=CARTESIAN_POINT('',(-22.8000013411045,50.0000007450581,13.));
#2337=CARTESIAN_POINT('',(-22.8000013411045,50.0000007450581,4.));
#2338=CARTESIAN_POINT('Origin',(-21.1000013411045,50.0000007450581,13.));
#2339=CARTESIAN_POINT('Origin',(-90.0000013411045,50.0000007450581,4.));
#2340=CARTESIAN_POINT('',(-91.7000013411045,50.0000007450581,4.));
#2341=CARTESIAN_POINT('Origin',(-90.0000013411045,50.0000007450581,4.));
#2342=CARTESIAN_POINT('',(-91.7000013411045,50.0000007450581,13.));
#2343=CARTESIAN_POINT('',(-91.7000013411045,50.0000007450581,4.));
#2344=CARTESIAN_POINT('Origin',(-90.0000013411045,50.0000007450581,13.));
#2345=CARTESIAN_POINT('Origin',(-90.0000013411045,50.0000007450581,0.));
#2346=CARTESIAN_POINT('',(-92.3500013411045,50.0000007450581,0.));
#2347=CARTESIAN_POINT('Origin',(-90.0000013411045,50.0000007450581,0.));
#2348=CARTESIAN_POINT('',(-92.3500013411045,50.0000007450581,4.));
#2349=CARTESIAN_POINT('',(-92.3500013411045,50.0000007450581,0.));
#2350=CARTESIAN_POINT('Origin',(-90.0000013411045,50.0000007450581,4.));
#2351=CARTESIAN_POINT('Origin',(-90.0000013411045,50.0000007450581,4.));
#2352=CARTESIAN_POINT('Origin',(-21.1000013411045,-16.3999992549419,0.));
#2353=CARTESIAN_POINT('',(-23.4500013411045,-16.3999992549419,0.));
#2354=CARTESIAN_POINT('Origin',(-21.1000013411045,-16.3999992549419,0.));
#2355=CARTESIAN_POINT('',(-23.4500013411045,-16.3999992549419,4.));
#2356=CARTESIAN_POINT('',(-23.4500013411045,-16.3999992549419,0.));
#2357=CARTESIAN_POINT('Origin',(-21.1000013411045,-16.3999992549419,4.));
#2358=CARTESIAN_POINT('Origin',(-21.1000013411045,-16.3999992549419,4.));
#2359=CARTESIAN_POINT('Origin',(-21.1000013411045,50.0000007450581,0.));
#2360=CARTESIAN_POINT('',(-23.4500013411045,50.0000007450581,0.));
#2361=CARTESIAN_POINT('Origin',(-21.1000013411045,50.0000007450581,0.));
#2362=CARTESIAN_POINT('',(-23.4500013411045,50.0000007450581,4.));
#2363=CARTESIAN_POINT('',(-23.4500013411045,50.0000007450581,0.));
#2364=CARTESIAN_POINT('Origin',(-21.1000013411045,50.0000007450581,4.));
#2365=CARTESIAN_POINT('Origin',(-21.1000013411045,50.0000007450581,4.));
#2366=CARTESIAN_POINT('Origin',(-90.0000013411045,-16.3999992549419,0.));
#2367=CARTESIAN_POINT('',(-92.3500013411045,-16.3999992549419,0.));
#2368=CARTESIAN_POINT('Origin',(-90.0000013411045,-16.3999992549419,0.));
#2369=CARTESIAN_POINT('',(-92.3500013411045,-16.3999992549419,4.));
#2370=CARTESIAN_POINT('',(-92.3500013411045,-16.3999992549419,0.));
#2371=CARTESIAN_POINT('Origin',(-90.0000013411045,-16.3999992549419,4.));
#2372=CARTESIAN_POINT('Origin',(-90.0000013411045,-16.3999992549419,4.));
#2373=CARTESIAN_POINT('Origin',(-81.5000014156103,2.00000002980232,8.00000004470348));
#2374=CARTESIAN_POINT('',(-85.,2.00000002980232,3.));
#2375=CARTESIAN_POINT('',(-85.,2.00000002980232,13.0000000447035));
#2376=CARTESIAN_POINT('',(-85.,2.00000002980232,4.00000002235174));
#2377=CARTESIAN_POINT('',(-95.0000014156103,2.00000002980232,3.00000004470348));
#2378=CARTESIAN_POINT('',(-81.5000014156103,2.00000002980232,3.00000004470348));
#2379=CARTESIAN_POINT('',(-95.0000014156103,2.00000002980232,13.0000000447035));
#2380=CARTESIAN_POINT('',(-95.0000014156103,2.00000002980232,4.00000002235174));
#2381=CARTESIAN_POINT('',(-68.5250014156103,2.00000002980232,13.));
#2382=CARTESIAN_POINT('Origin',(-81.5000014156103,28.0000000298023,8.00000004470348));
#2383=CARTESIAN_POINT('',(-85.,28.0000000298023,13.0000000447035));
#2384=CARTESIAN_POINT('',(-85.,28.0000000298023,3.));
#2385=CARTESIAN_POINT('',(-85.,28.0000000298023,4.00000002235174));
#2386=CARTESIAN_POINT('',(-95.0000014156103,28.0000000298023,13.0000000447035));
#2387=CARTESIAN_POINT('',(-68.5250014156103,28.0000000298023,13.));
#2388=CARTESIAN_POINT('',(-95.0000014156103,28.0000000298023,3.00000004470348));
#2389=CARTESIAN_POINT('',(-95.0000014156103,28.0000000298023,4.00000002235174));
#2390=CARTESIAN_POINT('',(-81.5000014156103,28.0000000298023,3.00000004470348));
#2391=CARTESIAN_POINT('Origin',(-85.,-11.4,0.));
#2392=CARTESIAN_POINT('',(-85.,45.,3.));
#2393=CARTESIAN_POINT('',(-85.,1.3,3.));
#2394=CARTESIAN_POINT('',(-85.,45.,13.));
#2395=CARTESIAN_POINT('',(-85.,45.,0.));
#2396=CARTESIAN_POINT('',(-85.,-11.4,13.));
#2397=CARTESIAN_POINT('Origin',(-85.,-11.4,0.));
#2398=CARTESIAN_POINT('',(-85.,-11.4,13.));
#2399=CARTESIAN_POINT('',(-85.,-11.4,13.));
#2400=CARTESIAN_POINT('',(-85.,-11.4,3.));
#2401=CARTESIAN_POINT('',(-85.,-11.4,0.));
#2402=CARTESIAN_POINT('',(-85.,1.3,3.));
#2403=CARTESIAN_POINT('Origin',(-55.5500014156103,16.8000008195639,13.));
#2404=CARTESIAN_POINT('',(-95.0000014156103,-21.3999991804361,13.));
#2405=CARTESIAN_POINT('',(-95.0000014156103,-21.3999991804361,13.));
#2406=CARTESIAN_POINT('',(-16.1000014156103,-21.3999991804361,13.));
#2407=CARTESIAN_POINT('',(-16.1000014156103,-21.3999991804361,13.));
#2408=CARTESIAN_POINT('',(-16.1000014156103,55.0000008195639,13.));
#2409=CARTESIAN_POINT('',(-16.1000014156103,55.0000008195639,13.));
#2410=CARTESIAN_POINT('',(-95.0000014156103,55.0000008195639,13.));
#2411=CARTESIAN_POINT('',(-95.0000014156103,55.0000008195639,13.));
#2412=CARTESIAN_POINT('',(-95.0000014156103,-21.3999991804361,13.));
#2413=CARTESIAN_POINT('',(-26.1,45.,13.));
#2414=CARTESIAN_POINT('',(-85.,45.,13.));
#2415=CARTESIAN_POINT('',(-26.1,-11.4,13.));
#2416=CARTESIAN_POINT('',(-26.1,45.,13.));
#2417=CARTESIAN_POINT('',(-26.1,-11.4,13.));
#2418=CARTESIAN_POINT('Origin',(-55.55,14.,3.));
#2419=CARTESIAN_POINT('',(-26.1,-11.4,3.));
#2420=CARTESIAN_POINT('',(-40.825,-11.4,3.));
#2421=CARTESIAN_POINT('',(-26.1,45.,3.));
#2422=CARTESIAN_POINT('',(-26.1,29.5,3.));
#2423=CARTESIAN_POINT('',(-70.275,45.,3.));
#2424=CARTESIAN_POINT('',(-95.0000014156103,35.0000004246831,3.00000004470348));
#2425=CARTESIAN_POINT('Origin',(-85.,45.,0.));
#2426=CARTESIAN_POINT('',(-26.1,45.,0.));
#2427=CARTESIAN_POINT('Origin',(-55.5500014156103,16.8000008195639,0.));
#2428=CARTESIAN_POINT('',(-16.1000014156103,-21.3999991804361,0.));
#2429=CARTESIAN_POINT('',(-95.0000014156103,-21.3999991804361,0.));
#2430=CARTESIAN_POINT('',(-16.1000014156103,-21.3999991804361,0.));
#2431=CARTESIAN_POINT('',(-95.0000014156103,55.0000008195639,0.));
#2432=CARTESIAN_POINT('',(-95.0000014156103,-21.3999991804361,0.));
#2433=CARTESIAN_POINT('',(-16.1000014156103,55.0000008195639,0.));
#2434=CARTESIAN_POINT('',(-95.0000014156103,55.0000008195639,0.));
#2435=CARTESIAN_POINT('',(-16.1000014156103,55.0000008195639,0.));
#2436=CARTESIAN_POINT('Origin',(-26.1,45.,0.));
#2437=CARTESIAN_POINT('',(-26.1,-11.4,0.));
#2438=CARTESIAN_POINT('Origin',(-26.1,-11.4,0.));
#2439=CARTESIAN_POINT('Origin',(-95.0000014156103,55.0000008195639,0.));
#2440=CARTESIAN_POINT('',(-95.0000014156103,55.0000008195639,0.));
#2441=CARTESIAN_POINT('',(-95.0000014156103,-21.3999991804361,0.));
#2442=CARTESIAN_POINT('Origin',(-16.1000014156103,55.0000008195639,0.));
#2443=CARTESIAN_POINT('',(-16.1000014156103,55.0000008195639,0.));
#2444=CARTESIAN_POINT('Origin',(-16.1000014156103,-21.3999991804361,0.));
#2445=CARTESIAN_POINT('',(-16.1000014156103,-21.3999991804361,0.));
#2446=CARTESIAN_POINT('Origin',(-95.0000014156103,-21.3999991804361,0.));
#2447=CARTESIAN_POINT('',(0.,0.,0.));
#2448=CARTESIAN_POINT('Origin',(63.8999999254942,-61.3999999254942,-47.));
#2449=CARTESIAN_POINT('',(62.1999999254942,-61.3999999254942,3.));
#2450=CARTESIAN_POINT('Origin',(63.8999999254942,-61.3999999254942,3.));
#2451=CARTESIAN_POINT('',(62.1999999254942,-61.3999999254942,0.));
#2452=CARTESIAN_POINT('',(62.1999999254942,-61.3999999254942,-47.));
#2453=CARTESIAN_POINT('Origin',(63.8999999254942,-61.3999999254942,0.));
#2454=CARTESIAN_POINT('Origin',(-5.00000007450581,-61.3999999254942,-47.));
#2455=CARTESIAN_POINT('',(-6.70000007450581,-61.3999999254942,3.));
#2456=CARTESIAN_POINT('Origin',(-5.00000007450581,-61.3999999254942,3.));
#2457=CARTESIAN_POINT('',(-6.70000007450581,-61.3999999254942,0.));
#2458=CARTESIAN_POINT('',(-6.70000007450581,-61.3999999254942,-47.));
#2459=CARTESIAN_POINT('Origin',(-5.00000007450581,-61.3999999254942,0.));
#2460=CARTESIAN_POINT('Origin',(63.8999999254942,5.00000007450581,-47.));
#2461=CARTESIAN_POINT('',(62.1999999254942,5.00000007450581,3.));
#2462=CARTESIAN_POINT('Origin',(63.8999999254942,5.00000007450581,3.));
#2463=CARTESIAN_POINT('',(62.1999999254942,5.00000007450581,0.));
#2464=CARTESIAN_POINT('',(62.1999999254942,5.00000007450581,-47.));
#2465=CARTESIAN_POINT('Origin',(63.8999999254942,5.00000007450581,0.));
#2466=CARTESIAN_POINT('Origin',(-5.00000007450581,5.00000007450581,-47.));
#2467=CARTESIAN_POINT('',(-6.70000007450581,5.00000007450581,3.));
#2468=CARTESIAN_POINT('Origin',(-5.00000007450581,5.00000007450581,3.));
#2469=CARTESIAN_POINT('',(-6.70000007450581,5.00000007450581,0.));
#2470=CARTESIAN_POINT('',(-6.70000007450581,5.00000007450581,-47.));
#2471=CARTESIAN_POINT('Origin',(-5.00000007450581,5.00000007450581,0.));
#2472=CARTESIAN_POINT('Origin',(41.125,-22.075,0.));
#2473=CARTESIAN_POINT('',(41.125,-21.575,0.));
#2474=CARTESIAN_POINT('',(40.625,-22.075,0.));
#2475=CARTESIAN_POINT('Origin',(41.125,-22.075,0.));
#2476=CARTESIAN_POINT('',(41.125,-21.575,3.));
#2477=CARTESIAN_POINT('',(41.125,-21.575,0.));
#2478=CARTESIAN_POINT('',(40.625,-22.075,3.));
#2479=CARTESIAN_POINT('Origin',(41.125,-22.075,3.));
#2480=CARTESIAN_POINT('',(40.625,-22.075,0.));
#2481=CARTESIAN_POINT('Origin',(40.625,-35.075,0.));
#2482=CARTESIAN_POINT('',(40.625,-35.075,0.));
#2483=CARTESIAN_POINT('',(40.625,-22.075,0.));
#2484=CARTESIAN_POINT('',(40.625,-35.075,3.));
#2485=CARTESIAN_POINT('',(40.625,-22.075,3.));
#2486=CARTESIAN_POINT('',(40.625,-35.075,0.));
#2487=CARTESIAN_POINT('Origin',(41.125,-35.075,0.));
#2488=CARTESIAN_POINT('',(41.125,-35.575,0.));
#2489=CARTESIAN_POINT('Origin',(41.125,-35.075,0.));
#2490=CARTESIAN_POINT('',(41.125,-35.575,3.));
#2491=CARTESIAN_POINT('Origin',(41.125,-35.075,3.));
#2492=CARTESIAN_POINT('',(41.125,-35.575,0.));
#2493=CARTESIAN_POINT('Origin',(54.125,-35.575,0.));
#2494=CARTESIAN_POINT('',(54.125,-35.575,0.));
#2495=CARTESIAN_POINT('',(41.125,-35.575,0.));
#2496=CARTESIAN_POINT('',(54.125,-35.575,3.));
#2497=CARTESIAN_POINT('',(41.125,-35.575,3.));
#2498=CARTESIAN_POINT('',(54.125,-35.575,0.));
#2499=CARTESIAN_POINT('Origin',(54.125,-35.075,0.));
#2500=CARTESIAN_POINT('',(54.625,-35.075,0.));
#2501=CARTESIAN_POINT('Origin',(54.125,-35.075,0.));
#2502=CARTESIAN_POINT('',(54.625,-35.075,3.));
#2503=CARTESIAN_POINT('Origin',(54.125,-35.075,3.));
#2504=CARTESIAN_POINT('',(54.625,-35.075,0.));
#2505=CARTESIAN_POINT('Origin',(54.625,-22.075,0.));
#2506=CARTESIAN_POINT('',(54.625,-22.075,0.));
#2507=CARTESIAN_POINT('',(54.625,-22.075,0.));
#2508=CARTESIAN_POINT('',(54.625,-22.075,3.));
#2509=CARTESIAN_POINT('',(54.625,-22.075,3.));
#2510=CARTESIAN_POINT('',(54.625,-22.075,0.));
#2511=CARTESIAN_POINT('Origin',(54.125,-22.075,0.));
#2512=CARTESIAN_POINT('',(54.125,-21.575,0.));
#2513=CARTESIAN_POINT('Origin',(54.125,-22.075,0.));
#2514=CARTESIAN_POINT('',(54.125,-21.575,3.));
#2515=CARTESIAN_POINT('Origin',(54.125,-22.075,3.));
#2516=CARTESIAN_POINT('',(54.125,-21.575,0.));
#2517=CARTESIAN_POINT('Origin',(41.125,-21.575,0.));
#2518=CARTESIAN_POINT('',(41.125,-21.575,0.));
#2519=CARTESIAN_POINT('',(41.125,-21.575,3.));
#2520=CARTESIAN_POINT('Origin',(22.075,-22.075,0.));
#2521=CARTESIAN_POINT('',(22.075,-21.575,0.));
#2522=CARTESIAN_POINT('',(21.575,-22.075,0.));
#2523=CARTESIAN_POINT('Origin',(22.075,-22.075,0.));
#2524=CARTESIAN_POINT('',(22.075,-21.575,3.));
#2525=CARTESIAN_POINT('',(22.075,-21.575,0.));
#2526=CARTESIAN_POINT('',(21.575,-22.075,3.));
#2527=CARTESIAN_POINT('Origin',(22.075,-22.075,3.));
#2528=CARTESIAN_POINT('',(21.575,-22.075,0.));
#2529=CARTESIAN_POINT('Origin',(21.575,-35.075,0.));
#2530=CARTESIAN_POINT('',(21.575,-35.075,0.));
#2531=CARTESIAN_POINT('',(21.575,-22.075,0.));
#2532=CARTESIAN_POINT('',(21.575,-35.075,3.));
#2533=CARTESIAN_POINT('',(21.575,-22.075,3.));
#2534=CARTESIAN_POINT('',(21.575,-35.075,0.));
#2535=CARTESIAN_POINT('Origin',(22.075,-35.075,0.));
#2536=CARTESIAN_POINT('',(22.075,-35.575,0.));
#2537=CARTESIAN_POINT('Origin',(22.075,-35.075,0.));
#2538=CARTESIAN_POINT('',(22.075,-35.575,3.));
#2539=CARTESIAN_POINT('Origin',(22.075,-35.075,3.));
#2540=CARTESIAN_POINT('',(22.075,-35.575,0.));
#2541=CARTESIAN_POINT('Origin',(35.075,-35.575,0.));
#2542=CARTESIAN_POINT('',(35.075,-35.575,0.));
#2543=CARTESIAN_POINT('',(22.075,-35.575,0.));
#2544=CARTESIAN_POINT('',(35.075,-35.575,3.));
#2545=CARTESIAN_POINT('',(22.075,-35.575,3.));
#2546=CARTESIAN_POINT('',(35.075,-35.575,0.));
#2547=CARTESIAN_POINT('Origin',(35.075,-35.075,0.));
#2548=CARTESIAN_POINT('',(35.575,-35.075,0.));
#2549=CARTESIAN_POINT('Origin',(35.075,-35.075,0.));
#2550=CARTESIAN_POINT('',(35.575,-35.075,3.));
#2551=CARTESIAN_POINT('Origin',(35.075,-35.075,3.));
#2552=CARTESIAN_POINT('',(35.575,-35.075,0.));
#2553=CARTESIAN_POINT('Origin',(35.575,-22.075,0.));
#2554=CARTESIAN_POINT('',(35.575,-22.075,0.));
#2555=CARTESIAN_POINT('',(35.575,-22.075,0.));
#2556=CARTESIAN_POINT('',(35.575,-22.075,3.));
#2557=CARTESIAN_POINT('',(35.575,-22.075,3.));
#2558=CARTESIAN_POINT('',(35.575,-22.075,0.));
#2559=CARTESIAN_POINT('Origin',(35.075,-22.075,0.));
#2560=CARTESIAN_POINT('',(35.075,-21.575,0.));
#2561=CARTESIAN_POINT('Origin',(35.075,-22.075,0.));
#2562=CARTESIAN_POINT('',(35.075,-21.575,3.));
#2563=CARTESIAN_POINT('Origin',(35.075,-22.075,3.));
#2564=CARTESIAN_POINT('',(35.075,-21.575,0.));
#2565=CARTESIAN_POINT('Origin',(22.075,-21.575,0.));
#2566=CARTESIAN_POINT('',(22.075,-21.575,0.));
#2567=CARTESIAN_POINT('',(22.075,-21.575,3.));
#2568=CARTESIAN_POINT('Origin',(3.025,-22.075,0.));
#2569=CARTESIAN_POINT('',(3.025,-21.575,0.));
#2570=CARTESIAN_POINT('',(2.525,-22.075,0.));
#2571=CARTESIAN_POINT('Origin',(3.025,-22.075,0.));
#2572=CARTESIAN_POINT('',(3.025,-21.575,3.));
#2573=CARTESIAN_POINT('',(3.025,-21.575,0.));
#2574=CARTESIAN_POINT('',(2.525,-22.075,3.));
#2575=CARTESIAN_POINT('Origin',(3.025,-22.075,3.));
#2576=CARTESIAN_POINT('',(2.525,-22.075,0.));
#2577=CARTESIAN_POINT('Origin',(2.525,-35.075,0.));
#2578=CARTESIAN_POINT('',(2.525,-35.075,0.));
#2579=CARTESIAN_POINT('',(2.525,-22.075,0.));
#2580=CARTESIAN_POINT('',(2.525,-35.075,3.));
#2581=CARTESIAN_POINT('',(2.525,-22.075,3.));
#2582=CARTESIAN_POINT('',(2.525,-35.075,0.));
#2583=CARTESIAN_POINT('Origin',(3.025,-35.075,0.));
#2584=CARTESIAN_POINT('',(3.025,-35.575,0.));
#2585=CARTESIAN_POINT('Origin',(3.025,-35.075,0.));
#2586=CARTESIAN_POINT('',(3.025,-35.575,3.));
#2587=CARTESIAN_POINT('Origin',(3.025,-35.075,3.));
#2588=CARTESIAN_POINT('',(3.025,-35.575,0.));
#2589=CARTESIAN_POINT('Origin',(16.025,-35.575,0.));
#2590=CARTESIAN_POINT('',(16.025,-35.575,0.));
#2591=CARTESIAN_POINT('',(3.025,-35.575,0.));
#2592=CARTESIAN_POINT('',(16.025,-35.575,3.));
#2593=CARTESIAN_POINT('',(3.025,-35.575,3.));
#2594=CARTESIAN_POINT('',(16.025,-35.575,0.));
#2595=CARTESIAN_POINT('Origin',(16.025,-35.075,0.));
#2596=CARTESIAN_POINT('',(16.525,-35.075,0.));
#2597=CARTESIAN_POINT('Origin',(16.025,-35.075,0.));
#2598=CARTESIAN_POINT('',(16.525,-35.075,3.));
#2599=CARTESIAN_POINT('Origin',(16.025,-35.075,3.));
#2600=CARTESIAN_POINT('',(16.525,-35.075,0.));
#2601=CARTESIAN_POINT('Origin',(16.525,-22.075,0.));
#2602=CARTESIAN_POINT('',(16.525,-22.075,0.));
#2603=CARTESIAN_POINT('',(16.525,-22.075,0.));
#2604=CARTESIAN_POINT('',(16.525,-22.075,3.));
#2605=CARTESIAN_POINT('',(16.525,-22.075,3.));
#2606=CARTESIAN_POINT('',(16.525,-22.075,0.));
#2607=CARTESIAN_POINT('Origin',(16.025,-22.075,0.));
#2608=CARTESIAN_POINT('',(16.025,-21.575,0.));
#2609=CARTESIAN_POINT('Origin',(16.025,-22.075,0.));
#2610=CARTESIAN_POINT('',(16.025,-21.575,3.));
#2611=CARTESIAN_POINT('Origin',(16.025,-22.075,3.));
#2612=CARTESIAN_POINT('',(16.025,-21.575,0.));
#2613=CARTESIAN_POINT('Origin',(3.025,-21.575,0.));
#2614=CARTESIAN_POINT('',(3.025,-21.575,0.));
#2615=CARTESIAN_POINT('',(3.025,-21.575,3.));
#2616=CARTESIAN_POINT('Origin',(41.125,-3.025,0.));
#2617=CARTESIAN_POINT('',(41.125,-2.525,0.));
#2618=CARTESIAN_POINT('',(40.625,-3.025,0.));
#2619=CARTESIAN_POINT('Origin',(41.125,-3.025,0.));
#2620=CARTESIAN_POINT('',(41.125,-2.525,3.));
#2621=CARTESIAN_POINT('',(41.125,-2.525,0.));
#2622=CARTESIAN_POINT('',(40.625,-3.025,3.));
#2623=CARTESIAN_POINT('Origin',(41.125,-3.025,3.));
#2624=CARTESIAN_POINT('',(40.625,-3.025,0.));
#2625=CARTESIAN_POINT('Origin',(40.625,-16.025,0.));
#2626=CARTESIAN_POINT('',(40.625,-16.025,0.));
#2627=CARTESIAN_POINT('',(40.625,-3.025,0.));
#2628=CARTESIAN_POINT('',(40.625,-16.025,3.));
#2629=CARTESIAN_POINT('',(40.625,-3.025,3.));
#2630=CARTESIAN_POINT('',(40.625,-16.025,0.));
#2631=CARTESIAN_POINT('Origin',(41.125,-16.025,0.));
#2632=CARTESIAN_POINT('',(41.125,-16.525,0.));
#2633=CARTESIAN_POINT('Origin',(41.125,-16.025,0.));
#2634=CARTESIAN_POINT('',(41.125,-16.525,3.));
#2635=CARTESIAN_POINT('Origin',(41.125,-16.025,3.));
#2636=CARTESIAN_POINT('',(41.125,-16.525,0.));
#2637=CARTESIAN_POINT('Origin',(54.125,-16.525,0.));
#2638=CARTESIAN_POINT('',(54.125,-16.525,0.));
#2639=CARTESIAN_POINT('',(41.125,-16.525,0.));
#2640=CARTESIAN_POINT('',(54.125,-16.525,3.));
#2641=CARTESIAN_POINT('',(41.125,-16.525,3.));
#2642=CARTESIAN_POINT('',(54.125,-16.525,0.));
#2643=CARTESIAN_POINT('Origin',(54.125,-16.025,0.));
#2644=CARTESIAN_POINT('',(54.625,-16.025,0.));
#2645=CARTESIAN_POINT('Origin',(54.125,-16.025,0.));
#2646=CARTESIAN_POINT('',(54.625,-16.025,3.));
#2647=CARTESIAN_POINT('Origin',(54.125,-16.025,3.));
#2648=CARTESIAN_POINT('',(54.625,-16.025,0.));
#2649=CARTESIAN_POINT('Origin',(54.625,-3.025,0.));
#2650=CARTESIAN_POINT('',(54.625,-3.025,0.));
#2651=CARTESIAN_POINT('',(54.625,-3.025,0.));
#2652=CARTESIAN_POINT('',(54.625,-3.025,3.));
#2653=CARTESIAN_POINT('',(54.625,-3.025,3.));
#2654=CARTESIAN_POINT('',(54.625,-3.025,0.));
#2655=CARTESIAN_POINT('Origin',(54.125,-3.025,0.));
#2656=CARTESIAN_POINT('',(54.125,-2.525,0.));
#2657=CARTESIAN_POINT('Origin',(54.125,-3.025,0.));
#2658=CARTESIAN_POINT('',(54.125,-2.525,3.));
#2659=CARTESIAN_POINT('Origin',(54.125,-3.025,3.));
#2660=CARTESIAN_POINT('',(54.125,-2.525,0.));
#2661=CARTESIAN_POINT('Origin',(41.125,-2.525,0.));
#2662=CARTESIAN_POINT('',(41.125,-2.525,0.));
#2663=CARTESIAN_POINT('',(41.125,-2.525,3.));
#2664=CARTESIAN_POINT('Origin',(22.075,-3.025,0.));
#2665=CARTESIAN_POINT('',(22.075,-2.525,0.));
#2666=CARTESIAN_POINT('',(21.575,-3.025,0.));
#2667=CARTESIAN_POINT('Origin',(22.075,-3.025,0.));
#2668=CARTESIAN_POINT('',(22.075,-2.525,3.));
#2669=CARTESIAN_POINT('',(22.075,-2.525,0.));
#2670=CARTESIAN_POINT('',(21.575,-3.025,3.));
#2671=CARTESIAN_POINT('Origin',(22.075,-3.025,3.));
#2672=CARTESIAN_POINT('',(21.575,-3.025,0.));
#2673=CARTESIAN_POINT('Origin',(21.575,-16.025,0.));
#2674=CARTESIAN_POINT('',(21.575,-16.025,0.));
#2675=CARTESIAN_POINT('',(21.575,-3.025,0.));
#2676=CARTESIAN_POINT('',(21.575,-16.025,3.));
#2677=CARTESIAN_POINT('',(21.575,-3.025,3.));
#2678=CARTESIAN_POINT('',(21.575,-16.025,0.));
#2679=CARTESIAN_POINT('Origin',(22.075,-16.025,0.));
#2680=CARTESIAN_POINT('',(22.075,-16.525,0.));
#2681=CARTESIAN_POINT('Origin',(22.075,-16.025,0.));
#2682=CARTESIAN_POINT('',(22.075,-16.525,3.));
#2683=CARTESIAN_POINT('Origin',(22.075,-16.025,3.));
#2684=CARTESIAN_POINT('',(22.075,-16.525,0.));
#2685=CARTESIAN_POINT('Origin',(35.075,-16.525,0.));
#2686=CARTESIAN_POINT('',(35.075,-16.525,0.));
#2687=CARTESIAN_POINT('',(22.075,-16.525,0.));
#2688=CARTESIAN_POINT('',(35.075,-16.525,3.));
#2689=CARTESIAN_POINT('',(22.075,-16.525,3.));
#2690=CARTESIAN_POINT('',(35.075,-16.525,0.));
#2691=CARTESIAN_POINT('Origin',(35.075,-16.025,0.));
#2692=CARTESIAN_POINT('',(35.575,-16.025,0.));
#2693=CARTESIAN_POINT('Origin',(35.075,-16.025,0.));
#2694=CARTESIAN_POINT('',(35.575,-16.025,3.));
#2695=CARTESIAN_POINT('Origin',(35.075,-16.025,3.));
#2696=CARTESIAN_POINT('',(35.575,-16.025,0.));
#2697=CARTESIAN_POINT('Origin',(35.575,-3.025,0.));
#2698=CARTESIAN_POINT('',(35.575,-3.025,0.));
#2699=CARTESIAN_POINT('',(35.575,-3.025,0.));
#2700=CARTESIAN_POINT('',(35.575,-3.025,3.));
#2701=CARTESIAN_POINT('',(35.575,-3.025,3.));
#2702=CARTESIAN_POINT('',(35.575,-3.025,0.));
#2703=CARTESIAN_POINT('Origin',(35.075,-3.025,0.));
#2704=CARTESIAN_POINT('',(35.075,-2.525,0.));
#2705=CARTESIAN_POINT('Origin',(35.075,-3.025,0.));
#2706=CARTESIAN_POINT('',(35.075,-2.525,3.));
#2707=CARTESIAN_POINT('Origin',(35.075,-3.025,3.));
#2708=CARTESIAN_POINT('',(35.075,-2.525,0.));
#2709=CARTESIAN_POINT('Origin',(22.075,-2.525,0.));
#2710=CARTESIAN_POINT('',(22.075,-2.525,0.));
#2711=CARTESIAN_POINT('',(22.075,-2.525,3.));
#2712=CARTESIAN_POINT('Origin',(3.025,-3.025,0.));
#2713=CARTESIAN_POINT('',(3.025,-2.525,0.));
#2714=CARTESIAN_POINT('',(2.525,-3.025,0.));
#2715=CARTESIAN_POINT('Origin',(3.025,-3.025,0.));
#2716=CARTESIAN_POINT('',(3.025,-2.525,3.));
#2717=CARTESIAN_POINT('',(3.025,-2.525,0.));
#2718=CARTESIAN_POINT('',(2.525,-3.025,3.));
#2719=CARTESIAN_POINT('Origin',(3.025,-3.025,3.));
#2720=CARTESIAN_POINT('',(2.525,-3.025,0.));
#2721=CARTESIAN_POINT('Origin',(2.525,-16.025,0.));
#2722=CARTESIAN_POINT('',(2.525,-16.025,0.));
#2723=CARTESIAN_POINT('',(2.525,-3.025,0.));
#2724=CARTESIAN_POINT('',(2.525,-16.025,3.));
#2725=CARTESIAN_POINT('',(2.525,-3.025,3.));
#2726=CARTESIAN_POINT('',(2.525,-16.025,0.));
#2727=CARTESIAN_POINT('Origin',(3.025,-16.025,0.));
#2728=CARTESIAN_POINT('',(3.025,-16.525,0.));
#2729=CARTESIAN_POINT('Origin',(3.025,-16.025,0.));
#2730=CARTESIAN_POINT('',(3.025,-16.525,3.));
#2731=CARTESIAN_POINT('Origin',(3.025,-16.025,3.));
#2732=CARTESIAN_POINT('',(3.025,-16.525,0.));
#2733=CARTESIAN_POINT('Origin',(16.025,-16.525,0.));
#2734=CARTESIAN_POINT('',(16.025,-16.525,0.));
#2735=CARTESIAN_POINT('',(3.025,-16.525,0.));
#2736=CARTESIAN_POINT('',(16.025,-16.525,3.));
#2737=CARTESIAN_POINT('',(3.025,-16.525,3.));
#2738=CARTESIAN_POINT('',(16.025,-16.525,0.));
#2739=CARTESIAN_POINT('Origin',(16.025,-16.025,0.));
#2740=CARTESIAN_POINT('',(16.525,-16.025,0.));
#2741=CARTESIAN_POINT('Origin',(16.025,-16.025,0.));
#2742=CARTESIAN_POINT('',(16.525,-16.025,3.));
#2743=CARTESIAN_POINT('Origin',(16.025,-16.025,3.));
#2744=CARTESIAN_POINT('',(16.525,-16.025,0.));
#2745=CARTESIAN_POINT('Origin',(16.525,-3.025,0.));
#2746=CARTESIAN_POINT('',(16.525,-3.025,0.));
#2747=CARTESIAN_POINT('',(16.525,-3.025,0.));
#2748=CARTESIAN_POINT('',(16.525,-3.025,3.));
#2749=CARTESIAN_POINT('',(16.525,-3.025,3.));
#2750=CARTESIAN_POINT('',(16.525,-3.025,0.));
#2751=CARTESIAN_POINT('Origin',(16.025,-3.025,0.));
#2752=CARTESIAN_POINT('',(16.025,-2.525,0.));
#2753=CARTESIAN_POINT('Origin',(16.025,-3.025,0.));
#2754=CARTESIAN_POINT('',(16.025,-2.525,3.));
#2755=CARTESIAN_POINT('Origin',(16.025,-3.025,3.));
#2756=CARTESIAN_POINT('',(16.025,-2.525,0.));
#2757=CARTESIAN_POINT('Origin',(3.025,-2.525,0.));
#2758=CARTESIAN_POINT('',(3.025,-2.525,0.));
#2759=CARTESIAN_POINT('',(3.025,-2.525,3.));
#2760=CARTESIAN_POINT('Origin',(-10.,10.,0.));
#2761=CARTESIAN_POINT('',(-10.,-66.4,0.));
#2762=CARTESIAN_POINT('',(-10.,10.,0.));
#2763=CARTESIAN_POINT('',(-10.,-66.4,0.));
#2764=CARTESIAN_POINT('',(-10.,-66.4,3.));
#2765=CARTESIAN_POINT('',(-10.,-66.4,0.));
#2766=CARTESIAN_POINT('',(-10.,10.,3.));
#2767=CARTESIAN_POINT('',(-10.,-66.4,3.));
#2768=CARTESIAN_POINT('',(-10.,10.,0.));
#2769=CARTESIAN_POINT('Origin',(68.9,10.,0.));
#2770=CARTESIAN_POINT('',(68.9,10.,0.));
#2771=CARTESIAN_POINT('',(-10.,10.,0.));
#2772=CARTESIAN_POINT('',(68.9,10.,3.));
#2773=CARTESIAN_POINT('',(-10.,10.,3.));
#2774=CARTESIAN_POINT('',(68.9,10.,0.));
#2775=CARTESIAN_POINT('Origin',(68.9,-66.4,0.));
#2776=CARTESIAN_POINT('',(68.9,-66.4,0.));
#2777=CARTESIAN_POINT('',(68.9,10.,0.));
#2778=CARTESIAN_POINT('',(68.9,-66.4,3.));
#2779=CARTESIAN_POINT('',(68.9,10.,3.));
#2780=CARTESIAN_POINT('',(68.9,-66.4,0.));
#2781=CARTESIAN_POINT('Origin',(-10.,-66.4,0.));
#2782=CARTESIAN_POINT('',(68.9,-66.4,0.));
#2783=CARTESIAN_POINT('',(68.9,-66.4,3.));
#2784=CARTESIAN_POINT('Origin',(29.45,-28.2,3.));
#2785=CARTESIAN_POINT('Origin',(29.45,-28.2,0.));
#2786=CARTESIAN_POINT('',(0.,0.,0.));
#2787=CARTESIAN_POINT('',(-85.0000014156103,45.0000008195639,13.));
#2788=CARTESIAN_POINT('Origin',(0.,0.,0.));
#2789=UNCERTAINTY_MEASURE_WITH_UNIT(LENGTH_MEASURE(0.01),#2797,
'DISTANCE_ACCURACY_VALUE',
'Maximum model space distance between geometric entities at asserted c
onnectivities');
#2790=UNCERTAINTY_MEASURE_WITH_UNIT(LENGTH_MEASURE(0.01),#2797,
'DISTANCE_ACCURACY_VALUE',
'Maximum model space distance between geometric entities at asserted c
onnectivities');
#2791=UNCERTAINTY_MEASURE_WITH_UNIT(LENGTH_MEASURE(0.01),#2797,
'DISTANCE_ACCURACY_VALUE',
'Maximum model space distance between geometric entities at asserted c
onnectivities');
#2792=UNCERTAINTY_MEASURE_WITH_UNIT(LENGTH_MEASURE(0.01),#2797,
'DISTANCE_ACCURACY_VALUE',
'Maximum model space distance between geometric entities at asserted c
onnectivities');
#2793=(
GEOMETRIC_REPRESENTATION_CONTEXT(3)
GLOBAL_UNCERTAINTY_ASSIGNED_CONTEXT((#2789))
GLOBAL_UNIT_ASSIGNED_CONTEXT((#2797,#2799,#2800))
REPRESENTATION_CONTEXT('','3D')
);
#2794=(
GEOMETRIC_REPRESENTATION_CONTEXT(3)
GLOBAL_UNCERTAINTY_ASSIGNED_CONTEXT((#2790))
GLOBAL_UNIT_ASSIGNED_CONTEXT((#2797,#2799,#2800))
REPRESENTATION_CONTEXT('','3D')
);
#2795=(
GEOMETRIC_REPRESENTATION_CONTEXT(3)
GLOBAL_UNCERTAINTY_ASSIGNED_CONTEXT((#2791))
GLOBAL_UNIT_ASSIGNED_CONTEXT((#2797,#2799,#2800))
REPRESENTATION_CONTEXT('','3D')
);
#2796=(
GEOMETRIC_REPRESENTATION_CONTEXT(3)
GLOBAL_UNCERTAINTY_ASSIGNED_CONTEXT((#2792))
GLOBAL_UNIT_ASSIGNED_CONTEXT((#2797,#2799,#2800))
REPRESENTATION_CONTEXT('','3D')
);
#2797=(
LENGTH_UNIT()
NAMED_UNIT(*)
SI_UNIT(.MILLI.,.METRE.)
);
#2798=(
LENGTH_UNIT()
NAMED_UNIT(*)
SI_UNIT($,.METRE.)
);
#2799=(
NAMED_UNIT(*)
PLANE_ANGLE_UNIT()
SI_UNIT($,.RADIAN.)
);
#2800=(
NAMED_UNIT(*)
SI_UNIT($,.STERADIAN.)
SOLID_ANGLE_UNIT()
);
#2801=SHAPE_DEFINITION_REPRESENTATION(#2804,#2809);
#2802=SHAPE_DEFINITION_REPRESENTATION(#2805,#2810);
#2803=SHAPE_DEFINITION_REPRESENTATION(#2806,#2811);
#2804=PRODUCT_DEFINITION_SHAPE('',$,#2813);
#2805=PRODUCT_DEFINITION_SHAPE('',$,#2814);
#2806=PRODUCT_DEFINITION_SHAPE('',$,#2815);
#2807=PRODUCT_DEFINITION_SHAPE($,$,#21);
#2808=PRODUCT_DEFINITION_SHAPE($,$,#22);
#2809=SHAPE_REPRESENTATION('',(#1677,#1836,#1837),#2793);
#2810=SHAPE_REPRESENTATION('',(#1678),#2794);
#2811=SHAPE_REPRESENTATION('',(#1721),#2795);
#2812=PRODUCT_DEFINITION_CONTEXT('part definition',#2823,'design');
#2813=PRODUCT_DEFINITION('(Unsaved)','(Unsaved)',#2816,#2812);
#2814=PRODUCT_DEFINITION('Bottom','Bottom v1',#2817,#2812);
#2815=PRODUCT_DEFINITION('plate-2026-06-02T10_55_19.841Z',
'plate-2026-06-02T10_55_19.841Z v1',#2818,#2812);
#2816=PRODUCT_DEFINITION_FORMATION('',$,#2825);
#2817=PRODUCT_DEFINITION_FORMATION('',$,#2826);
#2818=PRODUCT_DEFINITION_FORMATION('',$,#2827);
#2819=PRODUCT_RELATED_PRODUCT_CATEGORY('(Unsaved)','(Unsaved)',(#2825));
#2820=PRODUCT_RELATED_PRODUCT_CATEGORY('Bottom v1','Bottom v1',(#2826));
#2821=PRODUCT_RELATED_PRODUCT_CATEGORY(
'plate-2026-06-02T10_55_19.841Z v1','plate-2026-06-02T10_55_19.841Z v1',
(#2827));
#2822=APPLICATION_PROTOCOL_DEFINITION('international standard',
'automotive_design',2009,#2823);
#2823=APPLICATION_CONTEXT(
'Core Data for Automotive Mechanical Design Process');
#2824=PRODUCT_CONTEXT('part definition',#2823,'mechanical');
#2825=PRODUCT('(Unsaved)','(Unsaved)',$,(#2824));
#2826=PRODUCT('Bottom','Bottom v1',$,(#2824));
#2827=PRODUCT('plate-2026-06-02T10_55_19.841Z',
'plate-2026-06-02T10_55_19.841Z v1',$,(#2824));
#2828=PRESENTATION_STYLE_ASSIGNMENT((#2832));
#2829=PRESENTATION_STYLE_ASSIGNMENT((#2833));
#2830=PRESENTATION_STYLE_ASSIGNMENT((#2834));
#2831=PRESENTATION_STYLE_ASSIGNMENT((NULL_STYLE(.NULL.)));
#2832=SURFACE_STYLE_USAGE(.BOTH.,#2835);
#2833=SURFACE_STYLE_USAGE(.BOTH.,#2836);
#2834=SURFACE_STYLE_USAGE(.BOTH.,#2837);
#2835=SURFACE_SIDE_STYLE('',(#2838));
#2836=SURFACE_SIDE_STYLE('',(#2839));
#2837=SURFACE_SIDE_STYLE('',(#2840));
#2838=SURFACE_STYLE_FILL_AREA(#2841);
#2839=SURFACE_STYLE_FILL_AREA(#2842);
#2840=SURFACE_STYLE_FILL_AREA(#2843);
#2841=FILL_AREA_STYLE('Steel - Satin',(#2844));
#2842=FILL_AREA_STYLE('Plastic - Matte (White)',(#2845));
#2843=FILL_AREA_STYLE('Plastic - Matte (Red)',(#2846));
#2844=FILL_AREA_STYLE_COLOUR('Steel - Satin',#2847);
#2845=FILL_AREA_STYLE_COLOUR('Plastic - Matte (White)',#2848);
#2846=FILL_AREA_STYLE_COLOUR('Plastic - Matte (Red)',#2849);
#2847=COLOUR_RGB('Steel - Satin',0.627450980392157,0.627450980392157,0.627450980392157);
#2848=COLOUR_RGB('Plastic - Matte (White)',0.964705882352941,0.964705882352941,
0.952941176470588);
#2849=COLOUR_RGB('Plastic - Matte (Red)',0.768627450980392,0.207843137254902,
0.152941176470588);
ENDSEC;
END-ISO-10303-21;
